"camera_id","name","description","latitude","longitude","roadway","direction","region","county","location","install_date","equipment_type","active","created_at","updated_at"
"1071","I-75 Southbound - I-75 @ MM 353.4 SB","I-75 @ MM 353.4 SB","29.20647300","-82.18678900","I-75","Southbound","Central","Marion","I-75 @ MM 353.4 SB","2024-12-12T16:12:05Z","application/x-mpegURL","true","2025-09-04T11:42:56.514574Z","2025-09-04T11:42:56.514603Z"
"1074","I-75 Northbound - I-75 @ MM 330.2 NB","I-75 @ MM 330.2 NB","28.88725500","-82.09212000","I-75","Northbound","Central","Sumter","I-75 @ MM 330.2 NB","2024-12-12T16:12:05Z","application/x-mpegURL","true","2025-09-04T11:48:19.36368Z","2025-09-04T11:48:19.363689Z"
"1075","I-75 Northbound - I-75 @ MM 343.6 NB","I-75 @ MM 343.6 NB","29.06579100","-82.17270000","I-75","Northbound","Central","Marion","I-75 @ MM 343.6 NB","2024-12-12T16:12:05Z","application/x-mpegURL","true","2025-09-04T11:42:56.572656Z","2025-09-04T11:42:56.572673Z"
"1076","I-75 Northbound - I-75 @ MM 329.3 NB","I-75 @ MM 329.3 NB","28.87404600","-82.08841500","I-75","Northbound","Central","Sumter","I-75 @ MM 329.3 NB","2024-12-12T16:12:05Z","application/x-mpegURL","true","2025-09-04T11:48:19.42202Z","2025-09-04T11:48:19.422034Z"
"1081","I-75 Southbound - I-75 @ MM 333 SB","I-75 @ MM 333 SB","28.92332100","-82.11573400","I-75","Southbound","Central","Sumter","I-75 @ MM 333 SB","2024-12-12T16:12:05Z","application/x-mpegURL","true","2025-09-04T11:48:19.483863Z","2025-09-04T11:48:19.483871Z"
"1085","I-75 Northbound - I-75 @ MM 333.9 NB","I-75 @ MM 333.9 NB","28.93706800","-82.10846900","I-75","Northbound","Central","Sumter","I-75 @ MM 333.9 NB","2024-12-12T16:12:05Z","application/x-mpegURL","true","2025-09-04T11:48:19.540964Z","2025-09-04T11:48:19.540976Z"
"1087","I-75 Southbound - I-75 @ MM 327.3 SB","I-75 @ MM 327.3 SB","28.84580100","-82.09380400","I-75","Southbound","Central","Sumter","I-75 @ MM 327.3 SB","2024-12-12T16:12:05Z","application/x-mpegURL","true","2025-09-04T11:48:19.593536Z","2025-09-04T11:48:19.593544Z"
"1088","I-75 Northbound - I-75 @ MM 326.8 NB","I-75 @ MM 326.8 NB","28.83504900","-82.08641000","I-75","Northbound","Central","Sumter","I-75 @ MM 326.8 NB","2024-12-12T16:12:05Z","application/x-mpegURL","true","2025-09-04T11:48:19.650324Z","2025-09-04T11:48:19.650332Z"
"1090","I-75 Northbound - I-75 @ MM 347.6 NB","I-75 @ MM 347.6 NB","29.12123600","-82.18104700","I-75","Northbound","Central","Marion","I-75 @ MM 347.6 NB","2024-12-12T16:12:05Z","application/x-mpegURL","true","2025-09-04T11:42:56.681786Z","2025-09-04T11:42:56.6818Z"
"1091","I-75 Southbound - I-75 @ MM 336.3 SB","I-75 @ MM 336.3 SB","28.96878000","-82.13251400","I-75","Southbound","Central","Marion","I-75 @ MM 336.3 SB","2024-12-12T16:12:05Z","application/x-mpegURL","true","2025-09-04T11:42:56.737644Z","2025-09-04T11:42:56.737662Z"
"1092","I-75 Northbound - I-75 @ MM 345.7 NB","I-75 @ MM 345.7 NB","29.09423900","-82.18150000","I-75","Northbound","Central","Marion","I-75 @ MM 345.7 NB","2024-12-12T16:12:05Z","application/x-mpegURL","true","2025-09-04T11:42:56.791879Z","2025-09-04T11:42:56.791896Z"
"1094","I-75 Northbound - I-75 @ MM 341.6 NB","I-75 @ MM 341.6 NB","29.04007400","-82.15802400","I-75","Northbound","Central","Marion","I-75 @ MM 341.6 NB","2024-12-12T16:12:05Z","application/x-mpegURL","true","2025-09-04T11:42:56.843441Z","2025-09-04T11:42:56.843461Z"
"1095","I-75 Northbound - I-75 @ MM 348.7 NB","I-75 @ MM 348.7 NB","29.13778600","-82.18119700","I-75","Northbound","Central","Marion","I-75 @ MM 348.7 NB","2024-12-12T16:12:05Z","application/x-mpegURL","true","2025-09-04T11:42:56.895652Z","2025-09-04T11:42:56.895669Z"
"1096","I-75 Northbound - I-75 @ MM 340.6 NB","I-75 @ MM 340.6 NB","29.02596600","-82.15380000","I-75","Northbound","Central","Marion","I-75 @ MM 340.6 NB","2024-12-12T16:12:05Z","application/x-mpegURL","true","2025-09-04T11:42:56.947693Z","2025-09-04T11:42:56.947715Z"
"1097","I-75 Northbound - I-75 @ MM 352 NB","I-75 @ MM 352 NB","29.18658000","-82.18088200","I-75","Northbound","Central","Marion","I-75 @ MM 352 NB","2024-12-12T16:12:05Z","application/x-mpegURL","true","2025-09-04T11:42:57.000253Z","2025-09-04T11:42:57.000275Z"
"1099","I-75 Northbound - I-75 @ MM 337.2l NB","I-75 @ MM 337.2l NB","28.98126400","-82.13140800","I-75","Northbound","Central","Marion","I-75 @ MM 337.2l NB","2024-12-12T16:12:05Z","application/x-mpegURL","true","2025-09-04T11:42:57.107837Z","2025-09-04T11:42:57.107854Z"
"1104","I-75 Southbound - I-75 @ MM 331.9 SB","I-75 @ MM 331.9 SB","28.90951600","-82.11456000","I-75","Southbound","Central","Sumter","I-75 @ MM 331.9 SB","2024-12-12T16:12:05Z","application/x-mpegURL","true","2025-09-04T11:48:19.705553Z","2025-09-04T11:48:19.705565Z"
"1106","I-75 Southbound - I-75 @ MM 346.5 SB","I-75 @ MM 346.5 SB","29.10736300","-82.18833400","I-75","Southbound","Central","Marion","I-75 @ MM 346.5 SB","2024-12-12T16:12:05Z","application/x-mpegURL","true","2025-09-04T11:42:57.159297Z","2025-09-04T11:42:57.159369Z"
"1108","I-75 Northbound - I-75 @ MM 331.1 NB","I-75 @ MM 331.1 NB","28.90324000","-82.10110000","I-75","Northbound","Central","Sumter","I-75 @ MM 331.1 NB","2024-12-12T16:12:05Z","application/x-mpegURL","true","2025-09-04T11:48:19.762763Z","2025-09-04T11:48:19.762773Z"
"1111","I-75 Northbound - I-75 @ MM 338.2 NB","I-75 @ MM 338.2 NB","28.99316400","-82.13865500","I-75","Northbound","Central","Marion","I-75 @ MM 338.2 NB","2024-12-12T16:12:05Z","application/x-mpegURL","true","2025-09-04T11:42:57.269599Z","2025-09-04T11:42:57.269611Z"
"1113","I-75 Northbound - I-75 @ MM 349.6 NB","I-75 @ MM 349.6 NB","29.15094300","-82.18147600","I-75","Northbound","Central","Marion","I-75 @ MM 349.6 NB","2024-12-12T16:12:05Z","application/x-mpegURL","true","2025-09-04T11:42:57.323788Z","2025-09-04T11:42:57.323805Z"
"1116","I-75 Northbound - I-75 @ MM 335.1 NB","I-75 @ MM 335.1 NB","28.95391100","-82.11630000","I-75","Northbound","Central","Sumter","I-75 @ MM 335.1 NB","2024-12-12T16:12:05Z","application/x-mpegURL","true","2025-09-04T11:48:19.81747Z","2025-09-04T11:48:19.817477Z"
"1117","I-75 Northbound - I-75 @ MM 350.8 NB","I-75 @ MM 350.8 NB","29.16880000","-82.18115400","I-75","Northbound","Central","Marion","I-75 @ MM 350.8 NB","2024-12-12T16:12:05Z","application/x-mpegURL","true","2025-09-04T11:42:57.375662Z","2025-09-04T11:42:57.375679Z"
"1140","I-4 @ MM 118.5 EB","I-4 @ MM 118.5 EB","29.01647200","-81.22876800","I-4","Eastbound","Central","Volusia","I-4 @ MM 118.5 EB","2024-12-12T16:12:05.484525Z","application/x-mpegURL","true","2025-08-29T01:35:05.479019Z","2025-08-29T01:35:05.479019Z"
"1154","I-4 @ MM 71.8 EB","I-4 @ MM 71.8 EB","28.42211400","-81.47378900","I-4","Eastbound","Central","Orange","I-4 @ MM 71.8 EB","2024-12-12T16:12:05.484525Z","application/x-mpegURL","true","2025-08-29T01:34:59.903336Z","2025-08-29T01:34:59.903336Z"
"1188","I-4 @ MM 69.7 EB","I-4 @ MM 69.7 EB","28.39534500","-81.48529500","I-4","Eastbound","Central","Orange","I-4 @ MM 69.7 EB","2024-12-12T16:12:05.484525Z","application/x-mpegURL","true","2025-08-29T01:35:00.463542Z","2025-08-29T01:35:00.463542Z"
"1200","I-75 Northbound - I-75 @ MM 328.8 NB","I-75 @ MM 328.8 NB","28.86549600","-82.08692500","I-75","Northbound","Central","Sumter","I-75 @ MM 328.8 NB","2024-12-12T16:12:05Z","application/x-mpegURL","true","2025-09-04T11:48:19.977426Z","2025-09-04T11:48:19.977479Z"
"1244","I-95 @ MM 328.1","I-95 @ MM 328.1","30.05030000","-81.49750000","I-95","Southbound","Northeast","St. Johns","I-95 @ MM 328.1","2024-12-12T16:12:05.375227Z","application/x-mpegURL","true","2025-08-29T01:35:30.805607Z","2025-08-29T01:35:30.805607Z"
"1247","I-95 @ MM 324.4","I-95 @ MM 324.4","30.00120000","-81.47050000","I-95","Northbound","Northeast","St. Johns","I-95 @ MM 324.4","2024-12-12T16:12:05.375227Z","application/x-mpegURL","true","2025-08-29T01:35:30.971435Z","2025-08-29T01:35:30.971435Z"
"1250","I-95 @ MM 318.3","I-95 @ MM 318.3","29.92720000","-81.41740000","I-95","Northbound","Northeast","St. Johns","I-95 @ MM 318.3","2024-12-12T16:12:05.375227Z","application/x-mpegURL","true","2025-08-29T01:35:31.141736Z","2025-08-29T01:35:31.141736Z"
"1259","I-95 @ MM 301.6","I-95 @ MM 301.6","29.69790000","-81.32680000","I-95","Northbound","Northeast","St. Johns","I-95 @ MM 301.6","2024-12-12T16:12:05.375227Z","application/x-mpegURL","true","2025-08-29T01:35:31.644001Z","2025-08-29T01:35:31.644001Z"
"1264","I-10 Westbound - I-10 E of Chaffee Rd","I-10 E of Chaffee Rd","30.30979200","-81.84312400","I-10","Westbound","Northeast","Duval","I-10 E of Chaffee Rd","2024-12-12T16:12:05Z","application/x-mpegURL","true","2025-09-04T11:41:37.093292Z","2025-09-04T11:41:37.093308Z"
"1281","I-10 Eastbound - I-10 @ MM 331.0","I-10 @ MM 331.0","30.25598600","-82.19188700","I-10","Eastbound","Northeast","Baker","I-10 @ MM 331.0","2024-12-12T16:12:05Z","application/x-mpegURL","true","2025-09-04T11:40:51.267186Z","2025-09-04T11:40:51.267206Z"
"1311","I-295 W Southbound - I-295 W S of Old St Augustine Rd","I-295 W S of Old St Augustine Rd","30.16780000","-81.58537800","I-295 W","Southbound","Northeast","Duval","I-295 W S of Old St Augustine Rd","2024-12-12T16:12:05Z","application/x-mpegURL","true","2025-09-04T11:41:38.128249Z","2025-09-04T11:41:38.128258Z"
"1316","I-75 Southbound - I-75 @ MM 390.9","I-75 @ MM 390.9","29.70018900","-82.45732300","I-75","Southbound","Northeast","Alachua","I-75 @ MM 390.9","2024-12-12T16:12:05Z","application/x-mpegURL","true","2025-09-04T11:40:48.325224Z","2025-09-04T11:40:48.325242Z"
"1317","I-75 Southbound - I-75 @ MM 392.9","I-75 @ MM 392.9","29.72558900","-82.47063300","I-75","Southbound","Northeast","Alachua","I-75 @ MM 392.9","2024-12-12T16:12:05Z","application/x-mpegURL","true","2025-09-04T11:40:48.405311Z","2025-09-04T11:40:48.405329Z"
"1319","I-75 Southbound - I-75 @ MM 396.1","I-75 @ MM 396.1","29.76213800","-82.50330100","I-75","Southbound","Northeast","Alachua","I-75 @ MM 396.1","2024-12-12T16:12:05Z","application/x-mpegURL","true","2025-09-04T11:40:48.518579Z","2025-09-04T11:40:48.518597Z"
"1321","I-75 Southbound - I-75 @ MM 399.9","I-75 @ MM 399.9","29.81537700","-82.51451600","I-75","Southbound","Northeast","Alachua","I-75 @ MM 399.9","2024-12-12T16:12:05Z","application/x-mpegURL","true","2025-09-04T11:40:48.625749Z","2025-09-04T11:40:48.625766Z"
"1325","I-75 Northbound - I-75 @ MM 409.9 / CR-18 / SE Sebring Rd","I-75 @ MM 409.9 / CR-18 / SE Sebring Rd","29.95188000","-82.56854100","I-75","Northbound","Northeast","Columbia","I-75 @ MM 409.9 / CR-18 / SE Sebring Rd","2024-12-12T16:12:05Z","application/x-mpegURL","true","2025-09-04T11:41:33.849212Z","2025-09-04T11:41:33.84923Z"
"1326","I-75 Northbound - I-75 @ MM 412.0 Rest Area","I-75 @ MM 412.0 Rest Area","29.98009300","-82.57899100","I-75","Northbound","Northeast","Columbia","I-75 @ MM 412.0 Rest Area","2024-12-12T16:12:05Z","application/x-mpegURL","true","2025-09-04T11:41:33.906233Z","2025-09-04T11:41:33.906244Z"
"1335","I-75 Southbound - I-75 @ MM 419.0 / CR-240","I-75 @ MM 419.0 / CR-240","30.06974300","-82.62895300","I-75","Southbound","Northeast","Columbia","I-75 @ MM 419.0 / CR-240","2024-12-12T16:12:05Z","application/x-mpegURL","true","2025-09-04T11:41:34.357633Z","2025-09-04T11:41:34.357642Z"
"1337","I-75 Southbound - I-75 @ MM 422.8 / SR-47","I-75 @ MM 422.8 / SR-47","30.11848500","-82.65602100","I-75","Southbound","Northeast","Columbia","I-75 @ MM 422.8 / SR-47","2024-12-12T16:12:05Z","application/x-mpegURL","true","2025-09-04T11:41:34.524565Z","2025-09-04T11:41:34.524581Z"
"1338","I-75 Southbound - I-75 @ MM 424.9 / CR-241 / SW Sisters Welcome Rd","I-75 @ MM 424.9 / CR-241 / SW Sisters Welcome Rd","30.14613800","-82.67114500","I-75","Southbound","Northeast","Columbia","I-75 @ MM 424.9 / CR-241 / SW Sisters Welcome Rd","2024-12-12T16:12:05Z","application/x-mpegURL","true","2025-09-04T11:41:34.584462Z","2025-09-04T11:41:34.584477Z"
"1344","I-75 Northbound - I-75 @ MM 454.7","I-75 @ MM 454.7","30.47653000","-82.97826600","I-75","Northbound","Northeast","Hamilton","I-75 @ MM 454.7","2024-12-12T16:12:05Z","application/x-mpegURL","true","2025-09-04T11:41:56.508026Z","2025-09-04T11:41:56.50804Z"
"1346","I-75 Northbound - I-75 @ MM 458.7 / Alapaha River","I-75 @ MM 458.7 / Alapaha River","30.49920500","-83.04141700","I-75","Northbound","Northeast","Hamilton","I-75 @ MM 458.7 / Alapaha River","2024-12-12T16:12:05Z","application/x-mpegURL","true","2025-09-04T11:41:56.612551Z","2025-09-04T11:41:56.612568Z"
"1353","I-75 Southbound - I-75 @ MM 453.4","I-75 @ MM 453.4","30.46648100","-82.96172300","I-75","Southbound","Northeast","Hamilton","I-75 @ MM 453.4","2024-12-12T16:12:05Z","application/x-mpegURL","true","2025-09-04T11:41:56.996969Z","2025-09-04T11:41:56.996989Z"
"1358","I-75 Southbound - I-75 @ MM 463.5 / CR-152","I-75 @ MM 463.5 / CR-152","30.55623700","-83.08347200","I-75","Southbound","Northeast","Hamilton","I-75 @ MM 463.5 / CR-152","2024-12-12T16:12:05Z","application/x-mpegURL","true","2025-09-04T11:41:57.274105Z","2025-09-04T11:41:57.27412Z"
"1361","I-95 @ Atlantic/Beach Exits","I-95 @ Atlantic/Beach Exits","30.31088000","-81.64919000","I-95","Northbound","Northeast","Duval","I-95 @ Atlantic/Beach Exits","2024-12-12T16:12:05.375227Z","application/x-mpegURL","true","2025-08-29T01:35:15.469681Z","2025-08-29T01:35:15.469681Z"
"1375","I-295 W Southbound - I-295 W S of 103rd St","I-295 W S of 103rd St","30.23830800","-81.76355600","I-295 W","Southbound","Northeast","Duval","I-295 W S of 103rd St","2024-12-12T16:12:05Z","application/x-mpegURL","true","2025-09-04T11:41:38.614086Z","2025-09-04T11:41:38.614098Z"
"1376","I-295 W Southbound - I-295 W N of Collins Rd","I-295 W N of Collins Rd","30.21217200","-81.76026500","I-295 W","Southbound","Northeast","Duval","I-295 W N of Collins Rd","2024-12-12T16:12:05Z","application/x-mpegURL","true","2025-09-04T11:41:38.667174Z","2025-09-04T11:41:38.667192Z"
"1382","I-10 Eastbound - I-10 W of CR-53","I-10 W of CR-53","30.39828700","-83.37179300","I-10","Eastbound","Northeast","Madison","I-10 W of CR-53","2024-12-12T16:12:05Z","application/x-mpegURL","true","2025-09-04T11:42:49.796321Z","2025-09-04T11:42:49.796341Z"
"1386","I-10 Eastbound - I-10 @ MM 260.0","I-10 @ MM 260.0","30.38819300","-83.32643300","I-10","Eastbound","Northeast","Madison","I-10 @ MM 260.0","2024-12-12T16:12:05Z","application/x-mpegURL","true","2025-09-04T11:42:50.005146Z","2025-09-04T11:42:50.005157Z"
"1404","I-10 Eastbound - I-10 @ US-90 (Exit 275)","I-10 @ US-90 (Exit 275)","30.34323700","-83.09072100","I-10","Eastbound","Northeast","Suwannee","I-10 @ US-90 (Exit 275)","2024-12-12T16:12:05Z","application/x-mpegURL","true","2025-09-04T11:48:22.273561Z","2025-09-04T11:48:22.273572Z"
"1458","I-295 E Southbound - I-295 E at I-95 South","I-295 E at I-95 South","30.16659700","-81.55358400","I-295 E","Southbound","Northeast","Duval","I-295 E at I-95 South","2024-12-12T16:12:05Z","application/x-mpegURL","true","2025-09-04T11:41:39.386308Z","2025-09-04T11:41:39.386319Z"
"1461","I-295 E Northbound - I-295 E at Baymeadows Rd","I-295 E at Baymeadows Rd","30.21573300","-81.51397000","I-295 E","Northbound","Northeast","Duval","I-295 E at Baymeadows Rd","2024-12-12T16:12:05Z","application/x-mpegURL","true","2025-09-04T11:41:39.874166Z","2025-09-04T11:41:39.874187Z"
"1462","I-295 E Southbound - I-295 E at US-90 / Beach Blvd","I-295 E at US-90 / Beach Blvd","30.28713600","-81.52176200","I-295 E","Southbound","Northeast","Duval","I-295 E at US-90 / Beach Blvd","2024-12-12T16:12:05Z","application/x-mpegURL","true","2025-09-04T11:41:39.929082Z","2025-09-04T11:41:39.929101Z"
"1481","I-295 W Southbound - I-295 W at Lem Turner Rd","I-295 W at Lem Turner Rd","30.45501700","-81.70620000","I-295 W","Southbound","Northeast","Duval","I-295 W at Lem Turner Rd","2024-12-12T16:12:05Z","application/x-mpegURL","true","2025-09-04T11:41:40.723715Z","2025-09-04T11:41:40.72374Z"
"1484","I-295 W Southbound - I-295 W at Dunn Ave","I-295 W at Dunn Ave","30.43790000","-81.72498300","I-295 W","Southbound","Northeast","Duval","I-295 W at Dunn Ave","2024-12-12T16:12:05Z","application/x-mpegURL","true","2025-09-04T11:41:40.894645Z","2025-09-04T11:41:40.894657Z"
"1486","I-295 W Southbound - I-295 W N of US-1 / New Kings Rd","I-295 W N of US-1 / New Kings Rd","30.41660000","-81.73961700","I-295 W","Southbound","Northeast","Duval","I-295 W N of US-1 / New Kings Rd","2024-12-12T16:12:05Z","application/x-mpegURL","true","2025-09-04T11:41:41.006498Z","2025-09-04T11:41:41.006506Z"
"1505","I-295 E Southbound - I-295 E at Alta Dr","I-295 E at Alta Dr","30.43318700","-81.57957100","I-295 E","Southbound","Northeast","Duval","I-295 E at Alta Dr","2024-12-12T16:12:05Z","application/x-mpegURL","true","2025-09-04T11:41:42.039403Z","2025-09-04T11:41:42.039419Z"
"1509","I-295 E Southbound - I-295 E N of Dames Pt Bridge","I-295 E N of Dames Pt Bridge","30.39630200","-81.56229300","I-295 E","Southbound","Northeast","Duval","I-295 E N of Dames Pt Bridge","2024-12-12T16:12:05Z","application/x-mpegURL","true","2025-09-04T11:41:42.253773Z","2025-09-04T11:41:42.253788Z"
"1511","I-295 E Southbound - I-295 E at Dames Pt Bridge N Span B","I-295 E at Dames Pt Bridge N Span B","30.38524000","-81.55735000","I-295 E","Southbound","Northeast","Duval","I-295 E at Dames Pt Bridge N Span B","2024-12-12T16:12:05Z","application/x-mpegURL","true","2025-09-04T11:41:42.378004Z","2025-09-04T11:41:42.378023Z"
"1513","I-295 E Southbound - I-295 E N of Fort Caroline Rd","I-295 E N of Fort Caroline Rd","30.35799500","-81.55485800","I-295 E","Southbound","Northeast","Duval","I-295 E N of Fort Caroline Rd","2024-12-12T16:12:05Z","application/x-mpegURL","true","2025-09-04T11:41:42.488169Z","2025-09-04T11:41:42.488183Z"
"1518","I-295 E Southbound - I-295 E S of Monument Rd","I-295 E S of Monument Rd","30.33247000","-81.53298600","I-295 E","Southbound","Northeast","Duval","I-295 E S of Monument Rd","2024-12-12T16:12:05Z","application/x-mpegURL","true","2025-09-04T11:41:42.755623Z","2025-09-04T11:41:42.755639Z"
"1520","I-75 Northbound - I-75 @ MM 378.5 / Paynes Prairie South","I-75 @ MM 378.5 / Paynes Prairie South","29.55792000","-82.34456000","I-75","Northbound","Northeast","Alachua","I-75 @ MM 378.5 / Paynes Prairie South","2024-12-12T16:12:05Z","application/x-mpegURL","true","2025-09-04T11:40:48.950352Z","2025-09-04T11:40:48.950373Z"
"1524","I-75 Northbound - I-75 @ MM 373.4","I-75 @ MM 373.4","29.48555000","-82.28802000","I-75","Northbound","Northeast","Alachua","I-75 @ MM 373.4","2024-12-12T16:12:05Z","application/x-mpegURL","true","2025-09-04T11:40:49.056508Z","2025-09-04T11:40:49.056522Z"
"1530","I-75 Southbound - I-75 @ MM 377.3","I-75 @ MM 377.3","29.54067000","-82.33015000","I-75","Southbound","Northeast","Alachua","I-75 @ MM 377.3","2024-12-12T16:12:05Z","application/x-mpegURL","true","2025-09-04T11:40:49.43544Z","2025-09-04T11:40:49.43545Z"
"1532","I-75 Southbound - I-75 @ MM 378.2","I-75 @ MM 378.2","29.55145000","-82.33996000","I-75","Southbound","Northeast","Alachua","I-75 @ MM 378.2","2024-12-12T16:12:05Z","application/x-mpegURL","true","2025-09-04T11:40:49.540949Z","2025-09-04T11:40:49.540964Z"
"1533","I-75 Northbound - I-75 @ MM 379.6 / Paynes Prairie B","I-75 @ MM 379.6 / Paynes Prairie B","29.57383000","-82.35267800","I-75","Northbound","Northeast","Alachua","I-75 @ MM 379.6 / Paynes Prairie B","2024-12-12T16:12:05Z","application/x-mpegURL","true","2025-09-04T11:40:49.600818Z","2025-09-04T11:40:49.60086Z"
"1543","I-295 E Southbound - I-295 E N of SR-9B","I-295 E N of SR-9B","30.18910700","-81.51404000","I-295 E","Southbound","Northeast","Duval","I-295 E N of SR-9B","2024-12-12T16:12:05Z","application/x-mpegURL","true","2025-09-04T11:41:43.035453Z","2025-09-04T11:41:43.035465Z"
"1544","I-295 E Southbound - I-295 E S of Baymeadows Rd","I-295 E S of Baymeadows Rd","30.19917300","-81.51413300","I-295 E","Southbound","Northeast","Duval","I-295 E S of Baymeadows Rd","2024-12-12T16:12:05Z","application/x-mpegURL","true","2025-09-04T11:41:43.091149Z","2025-09-04T11:41:43.091157Z"
"1548","I-295 E Northbound - I-295 E at UNF / Town Center Pkwy","I-295 E at UNF / Town Center Pkwy","30.26885000","-81.52031800","I-295 E","Northbound","Northeast","Duval","I-295 E at UNF / Town Center Pkwy","2024-12-12T16:12:05Z","application/x-mpegURL","true","2025-09-04T11:41:43.311097Z","2025-09-04T11:41:43.311108Z"
"1549","I-295 E Southbound - I-295 E S of US-90 / Beach Blvd","I-295 E S of US-90 / Beach Blvd","30.28209000","-81.52187500","I-295 E","Southbound","Northeast","Duval","I-295 E S of US-90 / Beach Blvd","2024-12-12T16:12:05Z","application/x-mpegURL","true","2025-09-04T11:41:43.362287Z","2025-09-04T11:41:43.362307Z"
"1553","I-295 E Northbound - I-295 E at S JTB Interchange","I-295 E at S JTB Interchange","30.25106800","-81.51539500","I-295 E","Northbound","Northeast","Duval","I-295 E at S JTB Interchange","2024-12-12T16:12:05Z","application/x-mpegURL","true","2025-09-04T11:41:43.578975Z","2025-09-04T11:41:43.578986Z"
"1556","I-95 at Emerson St","I-95 at Emerson St","30.29097200","-81.62983300","I-95","Northbound","Northeast","Duval","I-95 at Emerson St","2024-12-12T16:12:05.468882Z","application/x-mpegURL","true","2025-08-29T01:35:16.435809Z","2025-08-29T01:35:16.435809Z"
"1558","I-95 S of Bowden Rd","I-95 S of Bowden Rd","30.25883300","-81.60447200","I-95","Southbound","Northeast","Duval","I-95 S of Bowden Rd","2024-12-12T16:12:05.468882Z","application/x-mpegURL","true","2025-08-29T01:35:16.563547Z","2025-08-29T01:35:16.563547Z"
"1559","I-95 at Butler Blvd","I-95 at Butler Blvd","30.24861100","-81.59386100","I-95","Northbound","Northeast","Duval","I-95 at Butler Blvd","2024-12-12T16:12:05.468882Z","application/x-mpegURL","true","2025-08-29T01:35:16.6197Z","2025-08-29T01:35:16.6197Z"
"1563","I-95 N of Southside Blvd","I-95 N of Southside Blvd","30.20986100","-81.56380600","I-95","Northbound","Northeast","Duval","I-95 N of Southside Blvd","2024-12-12T16:12:05.468882Z","application/x-mpegURL","true","2025-08-29T01:35:16.850901Z","2025-08-29T01:35:16.850901Z"
"1564","I-95 at US-1 / Philips Hwy","I-95 at US-1 / Philips Hwy","30.18494400","-81.55777800","I-95","Northbound","Northeast","Duval","I-95 at US-1 / Philips Hwy","2024-12-12T16:12:05.468882Z","application/x-mpegURL","true","2025-08-29T01:35:16.903724Z","2025-08-29T01:35:16.903724Z"
"1565","I-95 N of I-295 South","I-95 N of I-295 South","30.17966700","-81.55925000","I-95","Southbound","Northeast","Duval","I-95 N of I-295 South","2024-12-12T16:12:05.468882Z","application/x-mpegURL","true","2025-08-29T01:35:16.957379Z","2025-08-29T01:35:16.957379Z"
"1568","I-95 at 8th Street","I-95 at 8th Street","30.34713900","-81.66813900","I-95","Northbound","Northeast","Duval","I-95 at 8th Street","2024-12-12T16:12:05.468882Z","application/x-mpegURL","true","2025-08-29T01:35:17.1191Z","2025-08-29T01:35:17.1191Z"
"1570","I-95 at Golfair Blvd","I-95 at Golfair Blvd","30.36516700","-81.66897200","I-95","Southbound","Northeast","Duval","I-95 at Golfair Blvd","2024-12-12T16:12:05.468882Z","application/x-mpegURL","true","2025-08-29T01:35:17.238656Z","2025-08-29T01:35:17.238656Z"
"1571","I-95 N of Golfair Blvd","I-95 N of Golfair Blvd","30.37291700","-81.66925000","I-95","Northbound","Northeast","Duval","I-95 N of Golfair Blvd","2024-12-12T16:12:05.468882Z","application/x-mpegURL","true","2025-08-29T01:35:17.293467Z","2025-08-29T01:35:17.293467Z"
"1573","I-95 N of Lem Turner Rd","I-95 N of Lem Turner Rd","30.38452800","-81.67047200","I-95","Southbound","Northeast","Duval","I-95 N of Lem Turner Rd","2024-12-12T16:12:05.468882Z","application/x-mpegURL","true","2025-08-29T01:35:17.405332Z","2025-08-29T01:35:17.405332Z"
"1577","I-95 at Dunn Ave","I-95 at Dunn Ave","30.42975000","-81.65663900","I-95","Southbound","Northeast","Duval","I-95 at Dunn Ave","2024-12-12T16:12:05.468882Z","application/x-mpegURL","true","2025-08-29T01:35:17.632269Z","2025-08-29T01:35:17.632269Z"
"1581","I-95 S of Airport Rd","I-95 S of Airport Rd","30.47033300","-81.64633300","I-95","Northbound","Northeast","Duval","I-95 S of Airport Rd","2024-12-12T16:12:05.468882Z","application/x-mpegURL","true","2025-08-29T01:35:17.870688Z","2025-08-29T01:35:17.870688Z"
"1583","I-10 Eastbound - I-10 at US-17","I-10 at US-17","30.32102800","-81.70011100","I-10","Eastbound","Northeast","Duval","I-10 at US-17","2024-12-12T16:12:05Z","application/x-mpegURL","true","2025-09-04T11:41:45.322736Z","2025-09-04T11:41:45.322766Z"
"1588","I-10 Eastbound - I-10 W of Cassat Ave","I-10 W of Cassat Ave","30.31663900","-81.73727800","I-10","Eastbound","Northeast","Duval","I-10 W of Cassat Ave","2024-12-12T16:12:05Z","application/x-mpegURL","true","2025-09-04T11:41:45.592546Z","2025-09-04T11:41:45.592554Z"
"1589","I-10 Eastbound - I-10 at Lane Ave","I-10 at Lane Ave","30.31550000","-81.75150000","I-10","Eastbound","Northeast","Duval","I-10 at Lane Ave","2024-12-12T16:12:05Z","application/x-mpegURL","true","2025-09-04T11:41:45.645202Z","2025-09-04T11:41:45.645212Z"
"1590","I-10 Eastbound - I-10 at I-295 SB","I-10 at I-295 SB","30.31519400","-81.77077800","I-10","Eastbound","Northeast","Duval","I-10 at I-295 SB","2024-12-12T16:12:05Z","application/x-mpegURL","true","2025-09-04T11:41:45.698556Z","2025-09-04T11:41:45.698566Z"
"1606","I-295 W Southbound - I-295 W at S Buckman Bridge","I-295 W at S Buckman Bridge","30.18599600","-81.64052000","I-295 W","Southbound","Northeast","Duval","I-295 W at S Buckman Bridge","2024-12-12T16:12:05Z","application/x-mpegURL","true","2025-09-04T11:41:45.981802Z","2025-09-04T11:41:45.981818Z"
"1607","I-295 W Southbound - I-295 W at N Buckman Bridge","I-295 W at N Buckman Bridge","30.19176700","-81.69062700","I-295 W","Southbound","Northeast","Duval","I-295 W at N Buckman Bridge","2024-12-12T16:12:05Z","application/x-mpegURL","true","2025-09-04T11:41:46.034762Z","2025-09-04T11:41:46.034777Z"
"1636","I-295 W Northbound - I-295 W N of Normandy Blvd","I-295 W N of Normandy Blvd","30.30363100","-81.77018800","I-295 W","Northbound","Northeast","Duval","I-295 W N of Normandy Blvd","2024-12-12T16:12:05Z","application/x-mpegURL","true","2025-09-04T11:41:46.203757Z","2025-09-04T11:41:46.203765Z"
"1639","I-10 Westbound - I-10 @ MM 305.5 WB","I-10 @ MM 305.5 WB","30.24171700","-82.60405500","I-10","Westbound","Northeast","Columbia","I-10 @ MM 305.5 WB","2024-12-12T16:12:05Z","application/x-mpegURL","true","2025-09-04T11:41:34.916108Z","2025-09-04T11:41:34.916126Z"
"1653","I-75 Northbound - I-75 @ MM 392.1 / SR-232 / Millhopper Ave","I-75 @ MM 392.1 / SR-232 / Millhopper Ave","29.71591100","-82.46546100","I-75","Northbound","Northeast","Alachua","I-75 @ MM 392.1 / SR-232 / Millhopper Ave","2024-12-12T16:12:05Z","application/x-mpegURL","true","2025-09-04T11:40:50.179294Z","2025-09-04T11:40:50.179433Z"
"1655","I-75 Southbound - I-75 @ MM 383.8 / SR-24 / Archer Rd","I-75 @ MM 383.8 / SR-24 / Archer Rd","29.61702900","-82.38588400","I-75","Southbound","Northeast","Alachua","I-75 @ MM 383.8 / SR-24 / Archer Rd","2024-12-12T16:12:05Z","application/x-mpegURL","true","2025-09-04T11:40:50.291053Z","2025-09-04T11:40:50.291061Z"
"1667","I-75 Northbound - I-75 @ MM 400.8","I-75 @ MM 400.8","29.82716200","-82.52109500","I-75","Northbound","Northeast","Alachua","I-75 @ MM 400.8","2024-12-12T16:12:05Z","application/x-mpegURL","true","2025-09-04T11:40:50.556441Z","2025-09-04T11:40:50.556461Z"
"1670","I-75 Southbound - I-75 @ MM 409.0","I-75 @ MM 409.0","29.93954800","-82.56465800","I-75","Southbound","Northeast","Columbia","I-75 @ MM 409.0","2024-12-12T16:12:05Z","application/x-mpegURL","true","2025-09-04T11:41:35.744874Z","2025-09-04T11:41:35.744893Z"
"1673","I-75 Southbound - I-75 @ MM 451.3 / US-129","I-75 @ MM 451.3 / US-129","30.44878100","-82.93268000","I-75","Southbound","Northeast","Hamilton","I-75 @ MM 451.3 / US-129","2024-12-12T16:12:05Z","application/x-mpegURL","true","2025-09-04T11:41:57.329051Z","2025-09-04T11:41:57.329069Z"
"1677","I-75 Northbound - I-75 @ MM 419.8","I-75 @ MM 419.8","30.08047300","-82.63402400","I-75","Northbound","Northeast","Columbia","I-75 @ MM 419.8","2024-12-12T16:12:05Z","application/x-mpegURL","true","2025-09-04T11:41:35.915781Z","2025-09-04T11:41:35.915799Z"
"1680","I-75 Northbound - I-75 @ MM 404.3 / SR-236","I-75 @ MM 404.3 / SR-236","29.87447900","-82.54279700","I-75","Northbound","Northeast","Alachua","I-75 @ MM 404.3 / SR-236","2024-12-12T16:12:05Z","application/x-mpegURL","true","2025-09-04T11:40:50.721605Z","2025-09-04T11:40:50.721625Z"
"1681","I-75 Southbound - I-75 @ MM 428.4","I-75 @ MM 428.4","30.19329100","-82.69514100","I-75","Southbound","Northeast","Columbia","I-75 @ MM 428.4","2024-12-12T16:12:05Z","application/x-mpegURL","true","2025-09-04T11:41:36.106115Z","2025-09-04T11:41:36.106134Z"
"1682","I-75 Northbound - I-75 @ MM 423.8","I-75 @ MM 423.8","30.13161200","-82.66352000","I-75","Northbound","Northeast","Columbia","I-75 @ MM 423.8","2024-12-12T16:12:05Z","application/x-mpegURL","true","2025-09-04T11:41:36.18941Z","2025-09-04T11:41:36.189433Z"
"1683","I-75 Northbound - I-75 @ MM 402.6","I-75 @ MM 402.6","29.85010400","-82.53406100","I-75","Northbound","Northeast","Alachua","I-75 @ MM 402.6","2024-12-12T16:12:05Z","application/x-mpegURL","true","2025-09-04T11:40:50.778474Z","2025-09-04T11:40:50.778499Z"
"1688","I-75 Southbound - I-75 @MM 445.5 / Inspection Station","I-75 @MM 445.5 / Inspection Station","30.38415400","-82.87115200","I-75","Southbound","Northeast","Hamilton","I-75 @MM 445.5 / Inspection Station","2024-12-12T16:12:05Z","application/x-mpegURL","true","2025-09-04T11:41:57.597151Z","2025-09-04T11:41:57.597159Z"
"1694","I-75 Southbound - I-75 @ MM 447.6","I-75 @ MM 447.6","30.40834100","-82.89102700","I-75","Southbound","Northeast","Hamilton","I-75 @ MM 447.6","2024-12-12T16:12:05Z","application/x-mpegURL","true","2025-09-04T11:41:57.825387Z","2025-09-04T11:41:57.825405Z"
"1699","I-95 N of US-17","I-95 N of US-17","30.72599600","-81.66343200","I-95","Northbound","Northeast","Nassau","I-95 N of US-17","2024-12-12T16:12:05.468882Z","application/x-mpegURL","true","2025-08-29T01:35:26.845641Z","2025-08-29T01:35:26.845641Z"
"1700","I-95 @ MM 374.7","I-95 @ MM 374.7","30.64704600","-81.66000900","I-95","Southbound","Northeast","Nassau","I-95 @ MM 374.7","2024-12-12T16:12:05.468882Z","application/x-mpegURL","true","2025-08-29T01:35:26.903969Z","2025-08-29T01:35:26.903969Z"
"1707","I-95 S of SR-200 / A1A","I-95 S of SR-200 / A1A","30.60855300","-81.64648300","I-95","Southbound","Northeast","Nassau","I-95 S of SR-200 / A1A","2024-12-12T16:12:05.468882Z","application/x-mpegURL","true","2025-08-29T01:35:27.015953Z","2025-08-29T01:35:27.015953Z"
"1710","I-75 Southbound - I-75 @ MM 466.9 / CR-143","I-75 @ MM 466.9 / CR-143","30.59471900","-83.11970900","I-75","Southbound","Northeast","Hamilton","I-75 @ MM 466.9 / CR-143","2024-12-12T16:12:05Z","application/x-mpegURL","true","2025-09-04T11:41:58.096106Z","2025-09-04T11:41:58.096123Z"
"1711","I-75 Southbound - I-75 @ MM 464.9","I-75 @ MM 464.9","30.57314600","-83.09831700","I-75","Southbound","Northeast","Hamilton","I-75 @ MM 464.9","2024-12-12T16:12:05Z","application/x-mpegURL","true","2025-09-04T11:41:58.148756Z","2025-09-04T11:41:58.148762Z"
"1714","I-295 W Northbound - I-295 W at Wilson Blvd","I-295 W at Wilson Blvd","30.27033000","-81.76726000","I-295 W","Northbound","Northeast","Duval","I-295 W at Wilson Blvd","2024-12-12T16:12:05Z","application/x-mpegURL","true","2025-09-04T11:41:46.632836Z","2025-09-04T11:41:46.632844Z"
"1718","I-295 W Southbound - I-295 W at 103rd St","I-295 W at 103rd St","30.24904700","-81.76209400","I-295 W","Southbound","Northeast","Duval","I-295 W at 103rd St","2024-12-12T16:12:05Z","application/x-mpegURL","true","2025-09-04T11:41:46.792516Z","2025-09-04T11:41:46.792533Z"
"1722","I-295 E Southbound - I-295 E at Heckscher Dr","I-295 E at Heckscher Dr","30.41175600","-81.56479500","I-295 E","Southbound","Northeast","Duval","I-295 E at Heckscher Dr","2024-12-12T16:12:05Z","application/x-mpegURL","true","2025-09-04T11:41:47.015161Z","2025-09-04T11:41:47.015174Z"
"1724","SR-202 / Butler Blvd Westbound - SR-202 @ Southside Blvd","SR-202 @ Southside Blvd","30.25015100","-81.55207100","SR-202 / Butler Blvd","Westbound","Northeast","Duval","SR-202 @ Southside Blvd","2024-12-12T16:12:05Z","application/x-mpegURL","true","2025-09-04T11:41:47.070713Z","2025-09-04T11:41:47.070734Z"
"1726","I-95 @ SR-206","I-95 @ SR-206","29.74820000","-81.34670000","I-95","Northbound","Northeast","St. Johns","I-95 @ SR-206","2024-12-12T16:12:05.484525Z","application/x-mpegURL","true","2025-08-29T01:35:31.933619Z","2025-08-29T01:35:31.933619Z"
"1727","SR-202 / Butler Blvd Westbound - SR-202 W of San Pablo","SR-202 W of San Pablo","30.25710200","-81.44173600","SR-202 / Butler Blvd","Westbound","Northeast","Duval","SR-202 W of San Pablo","2024-12-12T16:12:05Z","application/x-mpegURL","true","2025-09-04T11:41:47.123259Z","2025-09-04T11:41:47.123283Z"
"1753","I-295 W Southbound - I-295 W at Blanding Blvd","I-295 W at Blanding Blvd","30.19619600","-81.73929700","I-295 W","Southbound","Northeast","Duval","I-295 W at Blanding Blvd","2024-12-12T16:12:05Z","application/x-mpegURL","true","2025-09-04T11:41:47.550755Z","2025-09-04T11:41:47.550769Z"
"1758","SR-202 / Butler Blvd Eastbound - SR-202 / Butler Blvd at Gate Pkwy","SR-202 / Butler Blvd at Gate Pkwy","30.24998300","-81.53555200","SR-202 / Butler Blvd","Eastbound","Northeast","Duval","SR-202 / Butler Blvd at Gate Pkwy","2024-12-12T16:12:05Z","application/x-mpegURL","true","2025-09-04T11:41:47.660387Z","2025-09-04T11:41:47.660393Z"
"1759","I-95 @ SR-16","I-95 @ SR-16","29.91720000","-81.41220000","I-95","Northbound","Northeast","St. Johns","I-95 @ SR-16","2024-12-12T16:12:05.484525Z","application/x-mpegURL","true","2025-08-29T01:35:32.477753Z","2025-08-29T01:35:32.477753Z"
"1760","I-295 W Northbound - I-295 W at SR-13 / San Jose Blvd","I-295 W at SR-13 / San Jose Blvd","30.18151300","-81.62774300","I-295 W","Northbound","Northeast","Duval","I-295 W at SR-13 / San Jose Blvd","2024-12-12T16:12:05Z","application/x-mpegURL","true","2025-09-04T11:41:47.718618Z","2025-09-04T11:41:47.721556Z"
"1763","I-295 W Southbound - I-295 W at Old St Augustine Rd","I-295 W at Old St Augustine Rd","30.16882900","-81.60184700","I-295 W","Southbound","Northeast","Duval","I-295 W at Old St Augustine Rd","2024-12-12T16:12:05Z","application/x-mpegURL","true","2025-09-04T11:41:47.829237Z","2025-09-04T11:41:47.829255Z"
"1770","I-295 W Southbound - I-295 W at N Buckman Bridge","I-295 W at N Buckman Bridge","30.19116000","-81.68617000","I-295 W","Southbound","Northeast","Duval","I-295 W at N Buckman Bridge","2024-12-12T16:12:05Z","application/x-mpegURL","true","2025-09-04T11:41:48.047699Z","2025-09-04T11:41:48.047715Z"
"1776","I-295 W Southbound - I-295 W at S Buckman Bridge","I-295 W at S Buckman Bridge","30.18660800","-81.64034800","I-295 W","Southbound","Northeast","Duval","I-295 W at S Buckman Bridge","2024-12-12T16:12:05Z","application/x-mpegURL","true","2025-09-04T11:41:48.209845Z","2025-09-04T11:41:48.209862Z"
"1777","I-95 at University Blvd","I-95 at University Blvd","30.26933300","-81.61200000","I-95","Northbound","Northeast","Duval","I-95 at University Blvd","2024-12-12T16:12:05.484525Z","application/x-mpegURL","true","2025-08-29T01:35:18.539675Z","2025-08-29T01:35:18.539675Z"
"1788","I-295 W Southbound - I-295 W at US-17","I-295 W at US-17","30.19236000","-81.70529900","I-295 W","Southbound","Northeast","Duval","I-295 W at US-17","2024-12-12T16:12:05Z","application/x-mpegURL","true","2025-09-04T11:41:48.482419Z","2025-09-04T11:41:48.482431Z"
"1793","I-95 @ San Marco NB Onramp","I-95 @ San Marco NB Onramp","30.31419000","-81.66498100","I-95","Northbound","Northeast","Duval","I-95 @ San Marco NB Onramp","2024-12-12T16:12:05.484525Z","application/x-mpegURL","true","2025-08-29T01:35:18.655784Z","2025-08-29T01:35:18.655784Z"
"1799","I-10 Eastbound - I-10 at Stockton St","I-10 at Stockton St","30.32019400","-81.68994400","I-10","Eastbound","Northeast","Duval","I-10 at Stockton St","2024-12-12T16:12:05Z","application/x-mpegURL","true","2025-09-04T11:41:48.70822Z","2025-09-04T11:41:48.708263Z"
"1800","I-95 at Southside Blvd Exit","I-95 at Southside Blvd Exit","30.19891700","-81.55675000","I-95","Northbound","Northeast","Duval","I-95 at Southside Blvd Exit","2024-12-12T16:12:05.484525Z","application/x-mpegURL","true","2025-08-29T01:35:18.70891Z","2025-08-29T01:35:18.70891Z"
"1811","I-95 @ US-1 South","I-95 @ US-1 South","29.66220000","-81.28720000","I-95","Northbound","Northeast","St. Johns","I-95 @ US-1 South","2024-12-12T16:12:05.484525Z","application/x-mpegURL","true","2025-08-29T01:35:33.311124Z","2025-08-29T01:35:33.311124Z"
"1834","I-95 at Hallandale Beach","I-95 at Hallandale Beach","25.98441400","-80.16537300","I-95","Northbound","Southeast","Broward","I-95 at Hallandale Beach","2024-12-12T16:12:05.383114Z","application/x-mpegURL","true","2025-08-29T01:35:11.865089Z","2025-08-29T01:35:11.865089Z"
"1936","I-95 S Of Commercial Blvd","I-95 S Of Commercial Blvd","26.17982700","-80.15405700","I-95","Southbound","Southeast","Broward","I-95 S Of Commercial Blvd","2024-12-12T16:12:05.383114Z","application/x-mpegURL","true","2025-08-29T01:35:12.315166Z","2025-08-29T01:35:12.315166Z"
"1962","I-95 N of Okeechobee","I-95 N of Okeechobee","26.70738500","-80.07620200","I-95","Northbound","Southeast","Palm Beach","I-95 N of Okeechobee","2024-12-12T16:12:05.398836Z","application/x-mpegURL","true","2025-08-29T01:35:28.187806Z","2025-08-29T01:35:28.187806Z"
"1966","I-95 at 45th St.","I-95 at 45th St.","26.75813900","-80.09047100","I-95","Northbound","Southeast","Palm Beach","I-95 at 45th St.","2024-12-12T16:12:05.398836Z","application/x-mpegURL","true","2025-08-29T01:35:28.409496Z","2025-08-29T01:35:28.409496Z"
"1969","I-95 at Northlake Blvd","I-95 at Northlake Blvd","26.80949000","-80.09776100","I-95","Northbound","Southeast","Palm Beach","I-95 at Northlake Blvd","2024-12-12T16:12:05.398836Z","application/x-mpegURL","true","2025-08-29T01:35:28.577113Z","2025-08-29T01:35:28.577113Z"
"1971","I-95 at PGA","I-95 at PGA","26.83865200","-80.10054300","I-95","Northbound","Southeast","Palm Beach","I-95 at PGA","2024-12-12T16:12:05.398836Z","application/x-mpegURL","true","2025-08-29T01:35:28.699826Z","2025-08-29T01:35:28.699826Z"
"2055","I-95 SB N of camino Real","I-95 SB N of camino Real","26.34598800","-80.11852100","I-95","Southbound","Southeast","Palm Beach","I-95 SB N of camino Real","2024-12-12T16:12:05.484525Z","application/x-mpegURL","true","2025-08-29T01:35:30.323888Z","2025-08-29T01:35:30.323888Z"
"2267","I-275 Northbound - at Himes Ave","at Himes Ave","27.95537400","-82.50114900","I-275","Northbound","Tampa Bay","Hillsborough","at Himes Ave","2024-12-12T16:12:05Z","application/x-mpegURL","true","2025-09-04T11:42:02.074297Z","2025-09-04T11:42:02.074304Z"
"2324","I-275 Southbound - I-275 SB at South Fishing Pier, CCTV 8","I-275 SB at South Fishing Pier, CCTV 8","27.60075900","-82.64042400","I-275","Southbound","Tampa Bay","Manatee","I-275 SB at South Fishing Pier, CCTV 8","2024-12-12T16:12:05Z","application/x-mpegURL","true","2025-09-04T11:42:53.598818Z","2025-09-04T11:42:53.598833Z"
"2492","I-75 Northbound - I-75 at US Hwy 301","I-75 at US Hwy 301","27.90400000","-82.34350000","I-75","Northbound","Tampa Bay","Hillsborough","I-75 at US Hwy 301","2024-12-12T16:12:05Z","application/x-mpegURL","true","2025-09-04T11:42:09.530934Z","2025-09-04T11:42:09.530954Z"
"2561","I-275 Northbound - I-275 at MM 29.9 Ramp","I-275 at MM 29.9 Ramp","27.88101800","-82.65602000","I-275","Northbound","Tampa Bay","Pinellas","I-275 at MM 29.9 Ramp","2024-12-12T16:12:05Z","application/x-mpegURL","true","2025-09-04T11:47:43.335088Z","2025-09-04T11:47:43.335095Z"
"2590","I-275 Northbound - I-275 at MM 27.6","I-275 at MM 27.6","27.84910800","-82.66341700","I-275","Northbound","Tampa Bay","Pinellas","I-275 at MM 27.6","2024-12-12T16:12:05Z","application/x-mpegURL","true","2025-09-04T11:47:43.917743Z","2025-09-04T11:47:43.917755Z"
"2679","I-275 Northbound - I-275 NB N of SR-60","I-275 NB N of SR-60","27.94821800","-82.52922500","I-275","Northbound","Tampa Bay","Hillsborough","I-275 NB N of SR-60","2024-12-12T16:12:05Z","application/x-mpegURL","true","2025-09-04T11:42:14.26235Z","2025-09-04T11:42:14.26236Z"
"2695","I-4 at I-275","I-4 at I-275","27.96498000","-82.45042800","I-4","Westbound","Tampa Bay","Hillsborough","I-4 at I-275","2024-12-12T16:12:05.520428Z","application/x-mpegURL","true","2025-08-29T01:34:54.644562Z","2025-08-29T01:34:54.644562Z"
"2786","Floridas Turnpike Northbound - Tpke MM 259.6 NB","Tpke MM 259.6 NB","28.47646200","-81.44510500","Floridas Turnpike","Northbound","Central","Orange","Tpke MM 259.6 NB","2024-12-12T16:12:05Z","application/x-mpegURL","true","2025-09-04T11:43:37.448266Z","2025-09-04T11:43:37.448285Z"
"2793","Floridas Turnpike Northbound - Tpke MM 56.6 MD","Tpke MM 56.6 MD","26.10727200","-80.21831800","Floridas Turnpike","Northbound","Southeast","Broward","Tpke MM 56.6 MD","2024-12-12T16:12:05Z","application/x-mpegURL","true","2025-09-04T11:41:15.266415Z","2025-09-04T11:41:15.266434Z"
"2797","Floridas Turnpike Southbound - Tpke MM 48.3 S of Hollywood Blvd","Tpke MM 48.3 S of Hollywood Blvd","25.98875400","-80.22891400","Floridas Turnpike","Southbound","Southeast","Broward","Tpke MM 48.3 S of Hollywood Blvd","2024-12-12T16:12:05Z","application/x-mpegURL","true","2025-09-04T11:41:15.32081Z","2025-09-04T11:41:15.320832Z"
"2928","Floridas Turnpike Southbound - Tpke MM 89.6 at Lantana Toll Plaza","Tpke MM 89.6 at Lantana Toll Plaza","26.56775900","-80.17333600","Floridas Turnpike","Southbound","Southeast","Palm Beach","Tpke MM 89.6 at Lantana Toll Plaza","2024-12-12T16:12:05Z","application/x-mpegURL","true","2025-09-04T11:47:36.645511Z","2025-09-04T11:47:36.64552Z"
"3189","Floridas Turnpike Northbound - Tpke MM 7.2 S of SW 112th Ave","Tpke MM 7.2 S of SW 112th Ave","25.52439200","-80.39862700","Floridas Turnpike","Northbound","Southeast","Miami-Dade","Tpke MM 7.2 S of SW 112th Ave","2024-12-12T16:12:05Z","application/x-mpegURL","true","2025-09-04T11:43:10.34802Z","2025-09-04T11:43:10.348037Z"
"3198","Floridas Turnpike Southbound - Tpke MM 14.7 S of SW 117th Ave","Tpke MM 14.7 S of SW 117th Ave","25.60660400","-80.37842200","Floridas Turnpike","Southbound","Southeast","Miami-Dade","Tpke MM 14.7 S of SW 117th Ave","2024-12-12T16:12:05Z","application/x-mpegURL","true","2025-09-04T11:43:10.832371Z","2025-09-04T11:43:10.83239Z"
"3200","Floridas Turnpike Southbound - Tpke MM 16.5 at SW 117th Ave","Tpke MM 16.5 at SW 117th Ave","25.63134600","-80.38410500","Floridas Turnpike","Southbound","Southeast","Miami-Dade","Tpke MM 16.5 at SW 117th Ave","2024-12-12T16:12:05Z","application/x-mpegURL","true","2025-09-04T11:43:10.950863Z","2025-09-04T11:43:10.950875Z"
"3205","Floridas Turnpike Southbound - Tpke MM 28.0 S of NW 41st St","Tpke MM 28.0 S of NW 41st St","25.79537000","-80.38601800","Floridas Turnpike","Southbound","Southeast","Miami-Dade","Tpke MM 28.0 S of NW 41st St","2024-12-12T16:12:05Z","application/x-mpegURL","true","2025-09-04T11:43:11.228383Z","2025-09-04T11:43:11.228402Z"
"3450","Floridas Turnpike Southbound - Tpke MM 25.4 SB A","Tpke MM 25.4 SB A","25.75964100","-80.38504000","Floridas Turnpike","Southbound","Southeast","Miami-Dade","Tpke MM 25.4 SB A","2024-12-12T16:12:05Z","application/x-mpegURL","true","2025-09-04T11:43:14.511303Z","2025-09-04T11:43:14.51132Z"
"3543","I-10 Eastbound - I10-MM 016.5WB-Scenic Hwy","I10-MM 016.5WB-Scenic Hwy","30.50671400","-87.16276900","I-10","Eastbound","Panhandle","Escambia","I10-MM 016.5WB-Scenic Hwy","2024-12-12T16:12:05Z","application/x-mpegURL","true","2025-09-04T11:41:50.963621Z","2025-09-04T11:41:50.963651Z"
"3545","I-10 Eastbound - I10-MM 018.2EB-Escambia Bay Bridge","I10-MM 018.2EB-Escambia Bay Bridge","30.52093800","-87.14115100","I-10","Eastbound","Panhandle","Santa Rosa","I10-MM 018.2EB-Escambia Bay Bridge","2024-12-12T16:12:05Z","application/x-mpegURL","true","2025-09-04T11:47:50.347524Z","2025-09-04T11:47:50.34754Z"
"3546","I-10 Eastbound - I10-MM 019.2M","I10-MM 019.2M","30.53077200","-87.12864200","I-10","Eastbound","Panhandle","Santa Rosa","I10-MM 019.2M","2024-12-12T16:12:05Z","application/x-mpegURL","true","2025-09-04T11:47:50.410133Z","2025-09-04T11:47:50.410149Z"
"3547","I-10 Eastbound - I10-MM 025.9M-Garcon Point Rd","I10-MM 025.9M-Garcon Point Rd","30.56937500","-87.03209200","I-10","Eastbound","Panhandle","Santa Rosa","I10-MM 025.9M-Garcon Point Rd","2024-12-12T16:12:05Z","application/x-mpegURL","true","2025-09-04T11:47:50.466163Z","2025-09-04T11:47:50.466178Z"
"3549","I-10 Eastbound - I10-MM 028.3EB-Ward Basin Rd","I10-MM 028.3EB-Ward Basin Rd","30.59316900","-87.00074700","I-10","Eastbound","Panhandle","Santa Rosa","I10-MM 028.3EB-Ward Basin Rd","2024-12-12T16:12:05Z","application/x-mpegURL","true","2025-09-04T11:47:50.575074Z","2025-09-04T11:47:50.575091Z"
"3550","I-10 Eastbound - I10-MM 030.1EB- SR Rest Area","I10-MM 030.1EB- SR Rest Area","30.61073300","-86.97796900","I-10","Eastbound","Panhandle","Santa Rosa","I10-MM 030.1EB- SR Rest Area","2024-12-12T16:12:05Z","application/x-mpegURL","true","2025-09-04T11:47:50.635254Z","2025-09-04T11:47:50.635263Z"
"3552","I-10 Eastbound - I10-MM 032.8EB-E of SR87","I10-MM 032.8EB-E of SR87","30.62695300","-86.93768300","I-10","Eastbound","Panhandle","Santa Rosa","I10-MM 032.8EB-E of SR87","2024-12-12T16:12:05Z","application/x-mpegURL","true","2025-09-04T11:47:50.761371Z","2025-09-04T11:47:50.761388Z"
"3555","I-10 Westbound - I10-MM 020.0WB","I10-MM 020.0WB","30.53430800","-87.11602800","I-10","Westbound","Panhandle","Santa Rosa","I10-MM 020.0WB","2024-12-12T16:12:05Z","application/x-mpegURL","true","2025-09-04T11:47:50.817811Z","2025-09-04T11:47:50.817828Z"
"3557","I-110 Southbound - I110-MM 2.9SB-Fairfield Dr","I110-MM 2.9SB-Fairfield Dr","30.45329800","-87.22294800","I-110","Southbound","Panhandle","Escambia","I110-MM 2.9SB-Fairfield Dr","2024-12-12T16:12:05Z","application/x-mpegURL","true","2025-09-04T11:41:51.223793Z","2025-09-04T11:41:51.223814Z"
"3558","I-110 Southbound - I110-MM 4.0SB-Brent Lane","I110-MM 4.0SB-Brent Lane","30.47265300","-87.22869200","I-110","Southbound","Panhandle","Escambia","I110-MM 4.0SB-Brent Lane","2024-12-12T16:12:05Z","application/x-mpegURL","true","2025-09-04T11:41:51.275612Z","2025-09-04T11:41:51.275627Z"
"3559","I-110 Southbound - I110-MM 4.7SB- Airport Blvd","I110-MM 4.7SB- Airport Blvd","30.48115000","-87.23089700","I-110","Southbound","Panhandle","Escambia","I110-MM 4.7SB- Airport Blvd","2024-12-12T16:12:05Z","application/x-mpegURL","true","2025-09-04T11:41:51.329462Z","2025-09-04T11:41:51.329478Z"
"3560","I-110 Northbound - I110-MM 5.9NB-Creighton Rd","I110-MM 5.9NB-Creighton Rd","30.49524700","-87.22980600","I-110","Northbound","Panhandle","Escambia","I110-MM 5.9NB-Creighton Rd","2024-12-12T16:12:05Z","application/x-mpegURL","true","2025-09-04T11:41:51.382073Z","2025-09-04T11:41:51.382081Z"
"3562","I-10 Eastbound - I10-MM 023.7EB-E of Avalon","I10-MM 023.7EB-E of Avalon","30.54847600","-87.05880600","I-10","Eastbound","Panhandle","Santa Rosa","I10-MM 023.7EB-E of Avalon","2024-12-12T16:12:05Z","application/x-mpegURL","true","2025-09-04T11:47:50.874737Z","2025-09-04T11:47:50.874755Z"
"3564","I-10 Eastbound - I10-MM 012.4EB-I110","I10-MM 012.4EB-I110","30.50310600","-87.22974200","I-10","Eastbound","Panhandle","Escambia","I10-MM 012.4EB-I110","2024-12-12T16:12:05Z","application/x-mpegURL","true","2025-09-04T11:41:51.551Z","2025-09-04T11:41:51.551016Z"
"3565","I-10 Eastbound - I10-MM 008.1EB-Kersey Rd","I10-MM 008.1EB-Kersey Rd","30.51162100","-87.29506700","I-10","Eastbound","Panhandle","Escambia","I10-MM 008.1EB-Kersey Rd","2024-12-12T16:12:05Z","application/x-mpegURL","true","2025-09-04T11:41:51.607969Z","2025-09-04T11:41:51.607988Z"
"3566","I-10 Westbound - I10-MM 040.9WB","I10-MM 040.9WB","30.67862700","-86.81778300","I-10","Westbound","Panhandle","Santa Rosa","I10-MM 040.9WB","2024-12-12T16:12:05Z","application/x-mpegURL","true","2025-09-04T11:47:50.929463Z","2025-09-04T11:47:50.929479Z"
"3567","I-10 Eastbound - I10-MM 189.5EB-MLK Blvd","I10-MM 189.5EB-MLK Blvd","30.50171200","-84.45591600","I-10","Eastbound","Panhandle","Gadsden","I10-MM 189.5EB-MLK Blvd","2024-12-12T16:12:05Z","application/x-mpegURL","true","2025-09-04T11:41:54.210597Z","2025-09-04T11:41:54.210619Z"
"3569","I-10 Westbound - I10-MM 191.6WB-Blue Star Hwy","I10-MM 191.6WB-Blue Star Hwy","30.49021200","-84.42529600","I-10","Westbound","Panhandle","Leon","I10-MM 191.6WB-Blue Star Hwy","2024-12-12T16:12:05Z","application/x-mpegURL","true","2025-09-04T11:42:32.849552Z","2025-09-04T11:42:32.849561Z"
"3570","I-10 Eastbound - I10-MM 192.2EB-Midway Branch Ck","I10-MM 192.2EB-Midway Branch Ck","30.48588500","-84.41300100","I-10","Eastbound","Panhandle","Gadsden","I10-MM 192.2EB-Midway Branch Ck","2024-12-12T16:12:05Z","application/x-mpegURL","true","2025-09-04T11:41:54.321744Z","2025-09-04T11:41:54.321761Z"
"3572","I-10 Westbound - I10-MM 193.9WB-Leon Rest Area","I10-MM 193.9WB-Leon Rest Area","30.48473800","-84.38628600","I-10","Westbound","Panhandle","Leon","I10-MM 193.9WB-Leon Rest Area","2024-12-12T16:12:05Z","application/x-mpegURL","true","2025-09-04T11:42:32.909722Z","2025-09-04T11:42:32.90973Z"
"3574","I-10 Eastbound - I10-MM 195.4EB-Capital Circle","I10-MM 195.4EB-Capital Circle","30.47924600","-84.36289700","I-10","Eastbound","Panhandle","Leon","I10-MM 195.4EB-Capital Circle","2024-12-12T16:12:05Z","application/x-mpegURL","true","2025-09-04T11:42:33.023347Z","2025-09-04T11:42:33.023355Z"
"3577","I-10 Eastbound - I10-MM 198.1EB-Old Bainbridge","I10-MM 198.1EB-Old Bainbridge","30.48037400","-84.31760000","I-10","Eastbound","Panhandle","Leon","I10-MM 198.1EB-Old Bainbridge","2024-12-12T16:12:05Z","application/x-mpegURL","true","2025-09-04T11:42:33.215172Z","2025-09-04T11:42:33.215183Z"
"3578","I-10 Eastbound - I10-MM 198.7EB-Monroe St","I10-MM 198.7EB-Monroe St","30.48253800","-84.30788000","I-10","Eastbound","Panhandle","Leon","I10-MM 198.7EB-Monroe St","2024-12-12T16:12:05Z","application/x-mpegURL","true","2025-09-04T11:42:33.269466Z","2025-09-04T11:42:33.269477Z"
"3579","I-10 Westbound - I10-MM 198.7WB-Monroe St","I10-MM 198.7WB-Monroe St","30.48324000","-84.30798700","I-10","Westbound","Panhandle","Leon","I10-MM 198.7WB-Monroe St","2024-12-12T16:12:05Z","application/x-mpegURL","true","2025-09-04T11:42:33.330082Z","2025-09-04T11:42:33.330101Z"
"3580","I-10 Eastbound - I10-MM 199.8EB","I10-MM 199.8EB","30.48801100","-84.29071400","I-10","Eastbound","Panhandle","Leon","I10-MM 199.8EB","2024-12-12T16:12:05Z","application/x-mpegURL","true","2025-09-04T11:42:33.38784Z","2025-09-04T11:42:33.387861Z"
"3582","I-10 Eastbound - I10-MM 200.6EB-Meridian Rd","I10-MM 200.6EB-Meridian Rd","30.49309600","-84.27708800","I-10","Eastbound","Panhandle","Leon","I10-MM 200.6EB-Meridian Rd","2024-12-12T16:12:05Z","application/x-mpegURL","true","2025-09-04T11:42:33.505378Z","2025-09-04T11:42:33.505392Z"
"3583","I-10 Westbound - I10-MM 201.6WB-Timberland Schl","I10-MM 201.6WB-Timberland Schl","30.50078700","-84.26103800","I-10","Westbound","Panhandle","Leon","I10-MM 201.6WB-Timberland Schl","2024-12-12T16:12:05Z","application/x-mpegURL","true","2025-09-04T11:42:33.559334Z","2025-09-04T11:42:33.559359Z"
"3584","I-10 Eastbound - I10-MM 202.3EB-Thomasville Rd","I10-MM 202.3EB-Thomasville Rd","30.50161900","-84.25256200","I-10","Eastbound","Panhandle","Leon","I10-MM 202.3EB-Thomasville Rd","2024-12-12T16:12:05Z","application/x-mpegURL","true","2025-09-04T11:42:33.620422Z","2025-09-04T11:42:33.620432Z"
"3585","I-10 Westbound - I10-MM 202.6WB-Capital Circle","I10-MM 202.6WB-Capital Circle","30.50208200","-84.24799200","I-10","Westbound","Panhandle","Leon","I10-MM 202.6WB-Capital Circle","2024-12-12T16:12:05Z","application/x-mpegURL","true","2025-09-04T11:42:33.675638Z","2025-09-04T11:42:33.675659Z"
"3588","I-10 Eastbound - I10-MM 205.1EB-Centerville Rd","I10-MM 205.1EB-Centerville Rd","30.49794000","-84.20567700","I-10","Eastbound","Panhandle","Leon","I10-MM 205.1EB-Centerville Rd","2024-12-12T16:12:05Z","application/x-mpegURL","true","2025-09-04T11:42:33.841952Z","2025-09-04T11:42:33.841965Z"
"3592","I-10 Eastbound - I10-MM 208.2EB-Mahan Dr","I10-MM 208.2EB-Mahan Dr","30.48494200","-84.15853500","I-10","Eastbound","Panhandle","Leon","I10-MM 208.2EB-Mahan Dr","2024-12-12T16:12:05Z","application/x-mpegURL","true","2025-09-04T11:42:34.054624Z","2025-09-04T11:42:34.05464Z"
"3594","I-10 Westbound - I10-MM 209.8WB","I10-MM 209.8WB","30.47800700","-84.13173400","I-10","Westbound","Panhandle","Leon","I10-MM 209.8WB","2024-12-12T16:12:05Z","application/x-mpegURL","true","2025-09-04T11:42:34.173822Z","2025-09-04T11:42:34.173844Z"
"3597","I-10 Eastbound - I10-MM 171.0EB-E of Cochran Rd","I10-MM 171.0EB-E of Cochran Rd","30.60290400","-84.73238200","I-10","Eastbound","Panhandle","Gadsden","I10-MM 171.0EB-E of Cochran Rd","2024-12-12T16:12:05Z","application/x-mpegURL","true","2025-09-04T11:41:54.507319Z","2025-09-04T11:41:54.50734Z"
"3600","I-10 Eastbound - I10-MM 212.2 EB- Baum Rd","I10-MM 212.2 EB- Baum Rd","30.47793200","-84.09166000","I-10","Eastbound","Panhandle","Leon","I10-MM 212.2 EB- Baum Rd","2024-12-12T16:12:05Z","application/x-mpegURL","true","2025-09-04T11:42:34.349898Z","2025-09-04T11:42:34.349913Z"
"3601","I-10 Eastbound - I10-MM 213.2 EB","I10-MM 213.2 EB","30.47779100","-84.07553000","I-10","Eastbound","Panhandle","Leon","I10-MM 213.2 EB","2024-12-12T16:12:05Z","application/x-mpegURL","true","2025-09-04T11:42:34.402127Z","2025-09-04T11:42:34.402137Z"
"3603","I-10 Eastbound - I10-MM 215.2 EB","I10-MM 215.2 EB","30.48310900","-84.04298000","I-10","Eastbound","Panhandle","Leon","I10-MM 215.2 EB","2024-12-12T16:12:05Z","application/x-mpegURL","true","2025-09-04T11:42:34.515383Z","2025-09-04T11:42:34.515402Z"
"3604","I-10 Eastbound - I10-MM 216.3 M- SR- 59 / Gamble Rd","I10-MM 216.3 M- SR- 59 / Gamble Rd","30.48760200","-84.02576000","I-10","Eastbound","Panhandle","Jefferson","I10-MM 216.3 M- SR- 59 / Gamble Rd","2024-12-12T16:12:05Z","application/x-mpegURL","true","2025-09-04T11:42:26.08385Z","2025-09-04T11:42:26.083858Z"
"3605","I-10 Westbound - I10-MM 217.1 WB- E of Gamble Rd","I10-MM 217.1 WB- E of Gamble Rd","30.48967300","-84.01159900","I-10","Westbound","Panhandle","Jefferson","I10-MM 217.1 WB- E of Gamble Rd","2024-12-12T16:12:05Z","application/x-mpegURL","true","2025-09-04T11:42:26.139251Z","2025-09-04T11:42:26.139262Z"
"3607","I-10 Westbound - I10-MM 218.9 WB- Old Lloyd Rd","I10-MM 218.9 WB- Old Lloyd Rd","30.48931300","-83.98258800","I-10","Westbound","Panhandle","Jefferson","I10-MM 218.9 WB- Old Lloyd Rd","2024-12-12T16:12:05Z","application/x-mpegURL","true","2025-09-04T11:42:26.250083Z","2025-09-04T11:42:26.250093Z"
"3608","I-10 Westbound - I10-MM 220.0 WB- E of Old Lloyd Rd","I10-MM 220.0 WB- E of Old Lloyd Rd","30.48800300","-83.96365400","I-10","Westbound","Panhandle","Jefferson","I10-MM 220.0 WB- E of Old Lloyd Rd","2024-12-12T16:12:05Z","application/x-mpegURL","true","2025-09-04T11:42:26.302259Z","2025-09-04T11:42:26.302267Z"
"3610","I-10 Eastbound - I10-MM 221.7 EB","I10-MM 221.7 EB","30.47833600","-83.93730000","I-10","Eastbound","Panhandle","Jefferson","I10-MM 221.7 EB","2024-12-12T16:12:05Z","application/x-mpegURL","true","2025-09-04T11:42:26.420775Z","2025-09-04T11:42:26.420792Z"
"3613","I-10 Eastbound - I10-MM 224.7 M- US-19 / FL GA Pkwy","I10-MM 224.7 M- US-19 / FL GA Pkwy","30.47543900","-83.88910000","I-10","Eastbound","Panhandle","Jefferson","I10-MM 224.7 M- US-19 / FL GA Pkwy","2024-12-12T16:12:05Z","application/x-mpegURL","true","2025-09-04T11:42:26.579609Z","2025-09-04T11:42:26.579621Z"
"3614","I-10 Eastbound - I10-MM 225.6 EB- E of FL GA Pkwy","I10-MM 225.6 EB- E of FL GA Pkwy","30.47313700","-83.87325200","I-10","Eastbound","Panhandle","Jefferson","I10-MM 225.6 EB- E of FL GA Pkwy","2024-12-12T16:12:05Z","application/x-mpegURL","true","2025-09-04T11:42:26.640541Z","2025-09-04T11:42:26.640552Z"
"3617","I-10 Westbound - I10-MM 228.5 WB- Turkey Scratch Rd","I10-MM 228.5 WB- Turkey Scratch Rd","30.47271200","-83.82376100","I-10","Westbound","Panhandle","Jefferson","I10-MM 228.5 WB- Turkey Scratch Rd","2024-12-12T16:12:05Z","application/x-mpegURL","true","2025-09-04T11:42:26.800246Z","2025-09-04T11:42:26.800267Z"
"3618","I-10 Eastbound - I10-MM 229.4 EB- E of Turkey Scratch Rd","I10-MM 229.4 EB- E of Turkey Scratch Rd","30.46822600","-83.80833300","I-10","Eastbound","Panhandle","Jefferson","I10-MM 229.4 EB- E of Turkey Scratch Rd","2024-12-12T16:12:05Z","application/x-mpegURL","true","2025-09-04T11:42:26.855113Z","2025-09-04T11:42:26.855133Z"
"3621","I-10 Eastbound - I10-MM 232.4 M- CR-257 / S. Salt Rd.","I10-MM 232.4 M- CR-257 / S. Salt Rd.","30.45547000","-83.76303500","I-10","Eastbound","Panhandle","Jefferson","I10-MM 232.4 M- CR-257 / S. Salt Rd.","2024-12-12T16:12:05Z","application/x-mpegURL","true","2025-09-04T11:42:27.023683Z","2025-09-04T11:42:27.023699Z"
"3624","I-10 Eastbound - I10-MM 021.7M-Avalon Blvd","I10-MM 021.7M-Avalon Blvd","30.53396700","-87.08798600","I-10","Eastbound","Panhandle","Santa Rosa","I10-MM 021.7M-Avalon Blvd","2024-12-12T16:12:05Z","application/x-mpegURL","true","2025-09-04T11:47:50.984015Z","2025-09-04T11:47:50.984028Z"
"3641","I-10 Westbound - MM 234.5 Rest Area WB","MM 234.5 Rest Area WB","30.44811800","-83.73041100","I-10","Westbound","Panhandle","Jefferson","MM 234.5 Rest Area WB","2024-12-12T16:12:05Z","application/x-mpegURL","true","2025-09-04T11:42:27.181552Z","2025-09-04T11:42:27.181566Z"
"3646","I-10 Westbound - I10-MM 035.6WB","I10-MM 035.6WB","30.64692200","-86.89752500","I-10","Westbound","Panhandle","Santa Rosa","I10-MM 035.6WB","2024-12-12T16:12:05Z","application/x-mpegURL","true","2025-09-04T11:47:51.203082Z","2025-09-04T11:47:51.203092Z"
"3647","I-10 Westbound - I10-MM 036.9WB-Miller Bluff Rd","I10-MM 036.9WB-Miller Bluff Rd","30.65622700","-86.87814800","I-10","Westbound","Panhandle","Santa Rosa","I10-MM 036.9WB-Miller Bluff Rd","2024-12-12T16:12:05Z","application/x-mpegURL","true","2025-09-04T11:47:51.25675Z","2025-09-04T11:47:51.25676Z"
"3648","I-10 Westbound - I10-MM 038.9WB","I10-MM 038.9WB","30.67041800","-86.84882700","I-10","Westbound","Panhandle","Santa Rosa","I10-MM 038.9WB","2024-12-12T16:12:05Z","application/x-mpegURL","true","2025-09-04T11:47:51.312196Z","2025-09-04T11:47:51.312209Z"
"3649","I-10 Eastbound - I10-MM 042.4EB","I10-MM 042.4EB","30.68483900","-86.79230800","I-10","Eastbound","Panhandle","Okaloosa","I10-MM 042.4EB","2024-12-12T16:12:05Z","application/x-mpegURL","true","2025-09-04T11:43:25.918883Z","2025-09-04T11:43:25.918888Z"
"3652","I-10 Eastbound - I10-MM 045.0M-Log Lake Rd","I10-MM 045.0M-Log Lake Rd","30.69846600","-86.75176100","I-10","Eastbound","Panhandle","Okaloosa","I10-MM 045.0M-Log Lake Rd","2024-12-12T16:12:05Z","application/x-mpegURL","true","2025-09-04T11:43:26.079513Z","2025-09-04T11:43:26.079525Z"
"3653","I-10 Eastbound - I10-MM 046.5EB-E of Trawick Ck","I10-MM 046.5EB-E of Trawick Ck","30.70638200","-86.72800500","I-10","Eastbound","Panhandle","Okaloosa","I10-MM 046.5EB-E of Trawick Ck","2024-12-12T16:12:05Z","application/x-mpegURL","true","2025-09-04T11:43:26.131418Z","2025-09-04T11:43:26.131426Z"
"3655","I-10 Eastbound - I10-MM 047.6EB","I10-MM 047.6EB","30.71061000","-86.70940500","I-10","Eastbound","Panhandle","Okaloosa","I10-MM 047.6EB","2024-12-12T16:12:05Z","application/x-mpegURL","true","2025-09-04T11:43:26.23814Z","2025-09-04T11:43:26.238205Z"
"3657","I-10 Westbound - I10-MM 049.1WB","I10-MM 049.1WB","30.71520100","-86.68654900","I-10","Westbound","Panhandle","Okaloosa","I10-MM 049.1WB","2024-12-12T16:12:05Z","application/x-mpegURL","true","2025-09-04T11:43:26.351688Z","2025-09-04T11:43:26.351697Z"
"3667","I-10 Eastbound - I10-MM 056.3M SR-85","I10-MM 056.3M SR-85","30.72572800","-86.56828700","I-10","Eastbound","Panhandle","Okaloosa","I10-MM 056.3M SR-85","2024-12-12T16:12:05Z","application/x-mpegURL","true","2025-09-04T11:43:26.911127Z","2025-09-04T11:43:26.911148Z"
"3668","I-10 Eastbound - I10-MM 057.5EB","I10-MM 057.5EB","30.72667800","-86.54441300","I-10","Eastbound","Panhandle","Okaloosa","I10-MM 057.5EB","2024-12-12T16:12:05Z","application/x-mpegURL","true","2025-09-04T11:43:26.967923Z","2025-09-04T11:43:26.967951Z"
"3676","I-10 Westbound - I10-MM 063.2WB-Jericho Rd","I10-MM 063.2WB-Jericho Rd","30.71856900","-86.45442900","I-10","Westbound","Panhandle","Okaloosa","I10-MM 063.2WB-Jericho Rd","2024-12-12T16:12:05Z","application/x-mpegURL","true","2025-09-04T11:43:27.407312Z","2025-09-04T11:43:27.40733Z"
"3681","I-10 Eastbound - I10-MM 067.1EB-County Line","I10-MM 067.1EB-County Line","30.72903500","-86.39062600","I-10","Eastbound","Panhandle","Walton","I10-MM 067.1EB-County Line","2024-12-12T16:12:05Z","application/x-mpegURL","true","2025-09-04T11:48:31.208188Z","2025-09-04T11:48:31.20819Z"
"3684","I-10 Eastbound - I10-MM 069.4M SR-285","I10-MM 069.4M SR-285","30.73257100","-86.35171200","I-10","Eastbound","Panhandle","Walton","I10-MM 069.4M SR-285","2024-12-12T16:12:05Z","application/x-mpegURL","true","2025-09-04T11:48:31.371933Z","2025-09-04T11:48:31.371935Z"
"3685","I-10 Eastbound - I10-MM 071.0EB-Mossy Head St","I10-MM 071.0EB-Mossy Head St","30.73627700","-86.32684100","I-10","Eastbound","Panhandle","Walton","I10-MM 071.0EB-Mossy Head St","2024-12-12T16:12:05Z","application/x-mpegURL","true","2025-09-04T11:48:31.425929Z","2025-09-04T11:48:31.425934Z"
"3692","I-10 Eastbound - I10-MM 078.5EB-Boy Scout Rd","I10-MM 078.5EB-Boy Scout Rd","30.72701200","-86.21145300","I-10","Eastbound","Panhandle","Walton","I10-MM 078.5EB-Boy Scout Rd","2024-12-12T16:12:05Z","application/x-mpegURL","true","2025-09-04T11:48:31.805026Z","2025-09-04T11:48:31.805026Z"
"3694","I-10 Westbound - I10-MM 081.9WB-Bob Sikes Rd","I10-MM 081.9WB-Bob Sikes Rd","30.70636500","-86.16275000","I-10","Westbound","Panhandle","Walton","I10-MM 081.9WB-Bob Sikes Rd","2024-12-12T16:12:05Z","application/x-mpegURL","true","2025-09-04T11:48:31.915156Z","2025-09-04T11:48:31.915158Z"
"3695","I-10 Eastbound - I10-MM 083.2EB","I10-MM 083.2EB","30.69415100","-86.14541100","I-10","Eastbound","Panhandle","Walton","I10-MM 083.2EB","2024-12-12T16:12:05Z","application/x-mpegURL","true","2025-09-04T11:48:31.982568Z","2025-09-04T11:48:31.98257Z"
"3696","I-10 Eastbound - I10-MM 084.6M US-331","I10-MM 084.6M US-331","30.69212000","-86.12234100","I-10","Eastbound","Panhandle","Walton","I10-MM 084.6M US-331","2024-12-12T16:12:05Z","application/x-mpegURL","true","2025-09-04T11:48:32.03739Z","2025-09-04T11:48:32.037391Z"
"3698","I-10 Westbound - I10-MM 087.5WB-CR280","I10-MM 087.5WB-CR280","30.69135600","-86.07318700","I-10","Westbound","Panhandle","Walton","I10-MM 087.5WB-CR280","2024-12-12T16:12:05Z","application/x-mpegURL","true","2025-09-04T11:48:32.143237Z","2025-09-04T11:48:32.143243Z"
"3699","I-10 Westbound - I10-MM 088.9WB-W of Panther Ck","I10-MM 088.9WB-W of Panther Ck","30.69109600","-86.05098500","I-10","Westbound","Panhandle","Walton","I10-MM 088.9WB-W of Panther Ck","2024-12-12T16:12:05Z","application/x-mpegURL","true","2025-09-04T11:48:32.526035Z","2025-09-04T11:48:32.526045Z"
"3709","I-10 Westbound - I10-MM 099.5WB","I10-MM 099.5WB","30.74016500","-85.88013600","I-10","Westbound","Panhandle","Holmes","I10-MM 099.5WB","2024-12-12T16:12:05Z","application/x-mpegURL","true","2025-09-04T11:42:20.784001Z","2025-09-04T11:42:20.784021Z"
"3710","I-10 Westbound - I10-MM 101.0WB-W of RM Ward Rd","I10-MM 101.0WB-W of RM Ward Rd","30.75163000","-85.85828400","I-10","Westbound","Panhandle","Holmes","I10-MM 101.0WB-W of RM Ward Rd","2024-12-12T16:12:05Z","application/x-mpegURL","true","2025-09-04T11:42:20.838123Z","2025-09-04T11:42:20.838144Z"
"3711","I-10 Westbound - I10-MM 101.9WB-E of RM Ward Rd","I10-MM 101.9WB-E of RM Ward Rd","30.75402500","-85.84236000","I-10","Westbound","Panhandle","Holmes","I10-MM 101.9WB-E of RM Ward Rd","2024-12-12T16:12:05Z","application/x-mpegURL","true","2025-09-04T11:42:20.891432Z","2025-09-04T11:42:20.891449Z"
"3712","I-10 Eastbound - I10-MM 103.7M CR-279","I10-MM 103.7M CR-279","30.75806500","-85.81305600","I-10","Eastbound","Panhandle","Washington","I10-MM 103.7M CR-279","2024-12-12T16:12:05Z","application/x-mpegURL","true","2025-09-04T11:48:33.052117Z","2025-09-04T11:48:33.052126Z"
"3721","I-10 Eastbound - I10-MM 109.7EB","I10-MM 109.7EB","30.76259300","-85.71311100","I-10","Eastbound","Panhandle","Holmes","I10-MM 109.7EB","2024-12-12T16:12:05Z","application/x-mpegURL","true","2025-09-04T11:42:21.058064Z","2025-09-04T11:42:21.058083Z"
"3723","I-10 Eastbound - I10-MM 111.4M SR-79","I10-MM 111.4M SR-79","30.76278800","-85.68435700","I-10","Eastbound","Panhandle","Holmes","I10-MM 111.4M SR-79","2024-12-12T16:12:05Z","application/x-mpegURL","true","2025-09-04T11:42:21.16561Z","2025-09-04T11:42:21.165619Z"
"3725","I-10 Eastbound - I10-MM 114.2EB","I10-MM 114.2EB","30.75732300","-85.63835000","I-10","Eastbound","Panhandle","Holmes","I10-MM 114.2EB","2024-12-12T16:12:05Z","application/x-mpegURL","true","2025-09-04T11:42:21.278657Z","2025-09-04T11:42:21.278672Z"
"3732","I-10 Eastbound - I10-MM 123.7EB","I10-MM 123.7EB","30.74432800","-85.47811900","I-10","Eastbound","Panhandle","Washington","I10-MM 123.7EB","2024-12-12T16:12:05Z","application/x-mpegURL","true","2025-09-04T11:48:33.838452Z","2025-09-04T11:48:33.838467Z"
"3734","I-10 Westbound - I10-MM 124.7WB-Overpass Rd","I10-MM 124.7WB-Overpass Rd","30.74554200","-85.46209200","I-10","Westbound","Panhandle","Washington","I10-MM 124.7WB-Overpass Rd","2024-12-12T16:12:05Z","application/x-mpegURL","true","2025-09-04T11:48:33.955432Z","2025-09-04T11:48:33.955453Z"
"3735","I-10 Westbound - I10-MM 126.8WB-W of Sapp Rd","I10-MM 126.8WB-W of Sapp Rd","30.74725200","-85.42673200","I-10","Westbound","Panhandle","Jackson","I10-MM 126.8WB-W of Sapp Rd","2024-12-12T16:12:05Z","application/x-mpegURL","true","2025-09-04T11:42:23.316447Z","2025-09-04T11:42:23.316467Z"
"3736","I-10 Eastbound - I10-MM 128.3EB","I10-MM 128.3EB","30.74929100","-85.40261300","I-10","Eastbound","Panhandle","Jackson","I10-MM 128.3EB","2024-12-12T16:12:05Z","application/x-mpegURL","true","2025-09-04T11:42:23.375341Z","2025-09-04T11:42:23.375362Z"
"3737","I-10 Westbound - I10-MM 129.5M US-231","I10-MM 129.5M US-231","30.75310800","-85.38142700","I-10","Westbound","Panhandle","Jackson","I10-MM 129.5M US-231","2024-12-12T16:12:05Z","application/x-mpegURL","true","2025-09-04T11:42:23.429267Z","2025-09-04T11:42:23.429413Z"
"3738","I-10 Eastbound - I10-MM 130.7EB","I10-MM 130.7EB","30.75506500","-85.36212500","I-10","Eastbound","Panhandle","Jackson","I10-MM 130.7EB","2024-12-12T16:12:05Z","application/x-mpegURL","true","2025-09-04T11:42:23.490944Z","2025-09-04T11:42:23.490956Z"
"3742","I-10 Eastbound - I10-MM 136.2M SR-276 / Kynesville Rd","I10-MM 136.2M SR-276 / Kynesville Rd","30.75306200","-85.27224500","I-10","Eastbound","Panhandle","Jackson","I10-MM 136.2M SR-276 / Kynesville Rd","2024-12-12T16:12:05Z","application/x-mpegURL","true","2025-09-04T11:42:23.705945Z","2025-09-04T11:42:23.705965Z"
"3746","I-10 Westbound - I10-MM 141.8M SR-71","I10-MM 141.8M SR-71","30.72135800","-85.18505600","I-10","Westbound","Panhandle","Jackson","I10-MM 141.8M SR-71","2024-12-12T16:12:05Z","application/x-mpegURL","true","2025-09-04T11:42:23.917794Z","2025-09-04T11:42:23.917801Z"
"3751","I-10 Westbound - I10-MM 150.1WB","I10-MM 150.1WB","30.66970100","-85.06079800","I-10","Westbound","Panhandle","Jackson","I10-MM 150.1WB","2024-12-12T16:12:05Z","application/x-mpegURL","true","2025-09-04T11:42:24.179413Z","2025-09-04T11:42:24.179428Z"
"3752","I-10 Westbound - I10-MM 151.8M SR-69","I10-MM 151.8M SR-69","30.65696500","-85.03768000","I-10","Westbound","Panhandle","Jackson","I10-MM 151.8M SR-69","2024-12-12T16:12:05Z","application/x-mpegURL","true","2025-09-04T11:42:24.232315Z","2025-09-04T11:42:24.232326Z"
"3772","I-10 Eastbound - I10-MM 165.4EB-Flat Creek Rd","I10-MM 165.4EB-Flat Creek Rd","30.61769500","-84.82184000","I-10","Eastbound","Panhandle","Gadsden","I10-MM 165.4EB-Flat Creek Rd","2024-12-12T16:12:05Z","application/x-mpegURL","true","2025-09-04T11:41:54.987823Z","2025-09-04T11:41:54.987855Z"
"3777","I-10 Eastbound - I10-MM 169.6EB","I10-MM 169.6EB","30.61123100","-84.75524800","I-10","Eastbound","Panhandle","Gadsden","I10-MM 169.6EB","2024-12-12T16:12:05Z","application/x-mpegURL","true","2025-09-04T11:41:55.260012Z","2025-09-04T11:41:55.260037Z"
"3782","I-10 Westbound - I10-MM 172.9WB-W of Greensboro","I10-MM 172.9WB-W of Greensboro","30.58361700","-84.71115500","I-10","Westbound","Panhandle","Gadsden","I10-MM 172.9WB-W of Greensboro","2024-12-12T16:12:05Z","application/x-mpegURL","true","2025-09-04T11:41:55.530522Z","2025-09-04T11:41:55.530536Z"
"3783","I-10 Westbound - I10-MM 173.7M SR-12","I10-MM 173.7M SR-12","30.57824400","-84.69960800","I-10","Westbound","Panhandle","Gadsden","I10-MM 173.7M SR-12","2024-12-12T16:12:05Z","application/x-mpegURL","true","2025-09-04T11:41:55.589274Z","2025-09-04T11:41:55.589906Z"
"3784","I-10 Eastbound - I10-MM 175.4EB-Hosford Hwy","I10-MM 175.4EB-Hosford Hwy","30.57012200","-84.67314700","I-10","Eastbound","Panhandle","Gadsden","I10-MM 175.4EB-Hosford Hwy","2024-12-12T16:12:05Z","application/x-mpegURL","true","2025-09-04T11:41:55.64608Z","2025-09-04T11:41:55.646102Z"
"3785","I-10 Westbound - I10-MM 177.0WB","I10-MM 177.0WB","30.56293700","-84.64726500","I-10","Westbound","Panhandle","Gadsden","I10-MM 177.0WB","2024-12-12T16:12:05Z","application/x-mpegURL","true","2025-09-04T11:41:55.704363Z","2025-09-04T11:41:55.704382Z"
"3788","I-10 Eastbound - I10-MM 180.6EB-Pat Thomas Pkwy","I10-MM 180.6EB-Pat Thomas Pkwy","30.53812800","-84.59514700","I-10","Eastbound","Panhandle","Gadsden","I10-MM 180.6EB-Pat Thomas Pkwy","2024-12-12T16:12:05Z","application/x-mpegURL","true","2025-09-04T11:41:55.863947Z","2025-09-04T11:41:55.863956Z"
"3789","I-10 Eastbound - I10-MM 182.3EB","I10-MM 182.3EB","30.53049800","-84.56851400","I-10","Eastbound","Panhandle","Gadsden","I10-MM 182.3EB","2024-12-12T16:12:05Z","application/x-mpegURL","true","2025-09-04T11:41:55.915648Z","2025-09-04T11:41:55.915659Z"
"3790","I-10 Eastbound - I10-MM 183.7EB-High Bridge Rd","I10-MM 183.7EB-High Bridge Rd","30.53046100","-84.54461400","I-10","Eastbound","Panhandle","Gadsden","I10-MM 183.7EB-High Bridge Rd","2024-12-12T16:12:05Z","application/x-mpegURL","true","2025-09-04T11:41:55.96804Z","2025-09-04T11:41:55.968062Z"
"3791","I-10 Westbound - I10-MM 184.2WB","I10-MM 184.2WB","30.53090500","-84.53541900","I-10","Westbound","Panhandle","Gadsden","I10-MM 184.2WB","2024-12-12T16:12:05Z","application/x-mpegURL","true","2025-09-04T11:41:56.021463Z","2025-09-04T11:41:56.021482Z"
"3804","US-231 Northbound - US231-MM 13.0NB-Dilmore","US231-MM 13.0NB-Dilmore","30.74821600","-85.38391800","US-231","Northbound","Panhandle","Jackson","US231-MM 13.0NB-Dilmore","2024-12-12T16:12:05Z","application/x-mpegURL","true","2025-09-04T11:42:24.995952Z","2025-09-04T11:42:24.995969Z"
"3815","I-10 Eastbound - I10-MM 012.9EB-Davis Hwy","I10-MM 012.9EB-Davis Hwy","30.50328300","-87.22097500","I-10","Eastbound","Panhandle","Escambia","I10-MM 012.9EB-Davis Hwy","2024-12-12T16:12:05Z","application/x-mpegURL","true","2025-09-04T11:41:52.511375Z","2025-09-04T11:41:52.511391Z"
"3817","I-10 Eastbound - I10-MM 003.3EB-Weigh Station","I10-MM 003.3EB-Weigh Station","30.55295300","-87.36176800","I-10","Eastbound","Panhandle","Escambia","I10-MM 003.3EB-Weigh Station","2024-12-12T16:12:05Z","application/x-mpegURL","true","2025-09-04T11:41:52.562836Z","2025-09-04T11:41:52.562844Z"
"3818","I-10 Eastbound - I10-MM 118.1EB","I10-MM 118.1EB","30.75080800","-85.57336600","I-10","Eastbound","Panhandle","Washington","I10-MM 118.1EB","2024-12-12T16:12:05Z","application/x-mpegURL","true","2025-09-04T11:48:34.014229Z","2025-09-04T11:48:34.014239Z"
"3819","I-10 Westbound - I10-MM 010.2WB-Pensacola Blvd","I10-MM 010.2WB-Pensacola Blvd","30.50492200","-87.26762800","I-10","Westbound","Panhandle","Escambia","I10-MM 010.2WB-Pensacola Blvd","2024-12-12T16:12:05Z","application/x-mpegURL","true","2025-09-04T11:41:52.618601Z","2025-09-04T11:41:52.618607Z"
"3824","I-10 Eastbound - I10-MM 015.2EB-N 9th Ave","I10-MM 015.2EB-N 9th Ave","30.50215300","-87.18368900","I-10","Eastbound","Panhandle","Escambia","I10-MM 015.2EB-N 9th Ave","2024-12-12T16:12:05Z","application/x-mpegURL","true","2025-09-04T11:41:52.775597Z","2025-09-04T11:41:52.775608Z"
"3825","I-10 Eastbound - I10-MM 013.9EB E of Davis Hwy","I10-MM 013.9EB E of Davis Hwy","30.50263300","-87.20443300","I-10","Eastbound","Panhandle","Escambia","I10-MM 013.9EB E of Davis Hwy","2024-12-12T16:12:05Z","application/x-mpegURL","true","2025-09-04T11:41:52.827846Z","2025-09-04T11:41:52.827852Z"
"3831","I-10 Eastbound - I10-MM 007.0M-Pine Forest Rd","I10-MM 007.0M-Pine Forest Rd","30.52161100","-87.31399700","I-10","Eastbound","Panhandle","Escambia","I10-MM 007.0M-Pine Forest Rd","2024-12-12T16:12:05Z","application/x-mpegURL","true","2025-09-04T11:41:52.932231Z","2025-09-04T11:41:52.932246Z"
"3833","I-10 Eastbound - I10-MM 004.3EB-Welcome Center","I10-MM 004.3EB-Welcome Center","30.54391900","-87.34874400","I-10","Eastbound","Panhandle","Escambia","I10-MM 004.3EB-Welcome Center","2024-12-12T16:12:05Z","application/x-mpegURL","true","2025-09-04T11:41:52.985059Z","2025-09-04T11:41:52.985079Z"
"3838","I-10 Eastbound - I10-MM 001.5EB-Beulah Rd","I10-MM 001.5EB-Beulah Rd","30.56517200","-87.38579700","I-10","Eastbound","Panhandle","Escambia","I10-MM 001.5EB-Beulah Rd","2024-12-12T16:12:05Z","application/x-mpegURL","true","2025-09-04T11:41:53.093836Z","2025-09-04T11:41:53.093854Z"
"3844","I-10 Westbound - I10-MM 187.0WB-W of Monroe Crk","I10-MM 187.0WB-W of Monroe Crk","30.52276600","-84.49075400","I-10","Westbound","Panhandle","Gadsden","I10-MM 187.0WB-W of Monroe Crk","2024-12-12T16:12:05Z","application/x-mpegURL","true","2025-09-04T11:41:56.34954Z","2025-09-04T11:41:56.349551Z"
"3935","SR-408 Westbound - SR-408 at Conway Rd","SR-408 at Conway Rd","28.53853700","-81.33185100","SR-408","Westbound","Central","Orange","SR-408 at Conway Rd","2024-12-12T16:12:05Z","application/x-mpegURL","true","2025-09-04T11:43:45.556503Z","2025-09-04T11:43:45.556519Z"
"3979","SR-408 Eastbound - SR-408 at Alafaya Trl","SR-408 at Alafaya Trl","28.54987400","-81.20332500","SR-408","Eastbound","Central","Orange","SR-408 at Alafaya Trl","2024-12-12T16:12:05Z","application/x-mpegURL","true","2025-09-04T11:43:47.755168Z","2025-09-04T11:43:47.755177Z"
"4006","SR-408 Westbound - SR-408 E of Oxalis Ave","SR-408 E of Oxalis Ave","28.54001800","-81.29212800","SR-408","Westbound","Central","Orange","SR-408 E of Oxalis Ave","2024-12-12T16:12:05Z","application/x-mpegURL","true","2025-09-04T11:43:49.017463Z","2025-09-04T11:43:49.017471Z"
"4093","SR-408 Westbound - SR-408 at I-4 W","SR-408 at I-4 W","28.53634900","-81.38225700","SR-408","Westbound","Central","Orange","SR-408 at I-4 W","2024-12-12T16:12:05Z","application/x-mpegURL","true","2025-09-04T11:43:53.209289Z","2025-09-04T11:43:53.209317Z"
"4114","SR-408 Westbound - SR-408 at I-4 E","SR-408 at I-4 E","28.53476600","-81.38225700","SR-408","Westbound","Central","Orange","SR-408 at I-4 E","2024-12-12T16:12:05Z","application/x-mpegURL","true","2025-09-04T11:43:54.329312Z","2025-09-04T11:43:54.329331Z"
"412","I-95 at Southwest 20th Road","I-95 at Southwest 20th Road","25.75611600","-80.20083600","I-95","Southbound","Southeast","Miami-Dade","I-95 at Southwest 20th Road","2024-12-12T16:12:05.375227Z","application/x-mpegURL","true","2025-08-29T01:35:22.629642Z","2025-08-29T01:35:22.629642Z"
"414","I-95 at Northwest 5th Street","I-95 at Northwest 5th Street","25.77843100","-80.19948600","I-95","Northbound","Southeast","Miami-Dade","I-95 at Northwest 5th Street","2024-12-12T16:12:05.375227Z","application/x-mpegURL","true","2025-08-29T01:35:22.7482Z","2025-08-29T01:35:22.7482Z"
"415","I-95 at Northeast 196th Street","I-95 at Northeast 196th Street","25.95845200","-80.17124600","I-95","Southbound","Southeast","Miami-Dade","I-95 at Northeast 196th Street","2024-12-12T16:12:05.375227Z","application/x-mpegURL","true","2025-08-29T01:35:22.804912Z","2025-08-29T01:35:22.804912Z"
"4164","SR-112 Eastbound - (204) SR-112 at NW 27th Ave","(204) SR-112 at NW 27th Ave","25.81203700","-80.23911700","SR-112","Eastbound","Southeast","Miami-Dade","(204) SR-112 at NW 27th Ave","2024-12-12T16:12:05Z","application/x-mpegURL","true","2025-09-04T11:43:15.733757Z","2025-09-04T11:43:15.733761Z"
"418","SR-826 Southbound - SR-826 at Southwest 32nd Street","SR-826 at Southwest 32nd Street","25.74024000","-80.32003000","SR-826","Southbound","Southeast","Miami-Dade","SR-826 at Southwest 32nd Street","2024-12-12T16:12:05Z","application/x-mpegURL","true","2025-09-04T11:43:01.052788Z","2025-09-04T11:43:01.0528Z"
"4186","SR-836 Westbound - (413B) SR-836 at NW 42nd Ave","(413B) SR-836 at NW 42nd Ave","25.78590300","-80.26448200","SR-836","Westbound","Southeast","Miami-Dade","(413B) SR-836 at NW 42nd Ave","2024-12-12T16:12:05Z","application/x-mpegURL","true","2025-09-04T11:43:16.939745Z","2025-09-04T11:43:16.939758Z"
"4195","SR-874 Northbound - (506) SR-874 at SW 85th St","(506) SR-874 at SW 85th St","25.69036900","-80.34840000","SR-874","Northbound","Southeast","Miami-Dade","(506) SR-874 at SW 85th St","2024-12-12T16:12:05Z","application/x-mpegURL","true","2025-09-04T11:43:17.436369Z","2025-09-04T11:43:17.43638Z"
"4196","SR-874 Northbound - (507) SR-874 at SW 72nd St","(507) SR-874 at SW 72nd St","25.70174400","-80.33845900","SR-874","Northbound","Southeast","Miami-Dade","(507) SR-874 at SW 72nd St","2024-12-12T16:12:05Z","application/x-mpegURL","true","2025-09-04T11:43:17.49238Z","2025-09-04T11:43:17.492394Z"
"4225","SR-836 Eastbound - (VCAM) NW 57th Ave","(VCAM) NW 57th Ave","25.78321700","-80.29857800","SR-836","Eastbound","Southeast","Miami-Dade","(VCAM) NW 57th Ave","2024-12-12T16:12:05Z","application/x-mpegURL","true","2025-09-04T11:43:19.065323Z","2025-09-04T11:43:19.065334Z"
"423","SR-826 Northbound - SR 826 SB at SR 836","SR 826 SB at SR 836","25.78150200","-80.32047100","SR-826","Northbound","Southeast","Miami-Dade","SR 826 SB at SR 836","2024-12-12T16:12:05Z","application/x-mpegURL","true","2025-09-04T11:43:01.318324Z","2025-09-04T11:43:01.318329Z"
"4261","SR-836 Eastbound - (419) SR-836EB at NW 7th Ave","(419) SR-836EB at NW 7th Ave","25.78733300","-80.20877800","SR-836","Eastbound","Southeast","Miami-Dade","(419) SR-836EB at NW 7th Ave","2024-12-12T16:12:05Z","application/x-mpegURL","true","2025-09-04T11:43:21.067581Z","2025-09-04T11:43:21.06762Z"
"436","I-95 at Northwest 20th Street","I-95 at Northwest 20th Street","25.79559200","-80.20574400","I-95","Southbound","Southeast","Miami-Dade","I-95 at Northwest 20th Street","2024-12-12T16:12:05.375227Z","application/x-mpegURL","true","2025-08-29T01:35:23.095619Z","2025-08-29T01:35:23.095619Z"
"437","I-95 at Northwest 62nd Street","I-95 at Northwest 62nd Street","25.83251700","-80.20621100","I-95","Southbound","Southeast","Miami-Dade","I-95 at Northwest 62nd Street","2024-12-12T16:12:05.375227Z","application/x-mpegURL","true","2025-08-29T01:35:23.148748Z","2025-08-29T01:35:23.148748Z"
"440","I-95 at US-441","I-95 at US-441","25.92204000","-80.21288000","I-95","Southbound","Southeast","Miami-Dade","I-95 at US-441","2024-12-12T16:12:05.375227Z","application/x-mpegURL","true","2025-08-29T01:35:23.314702Z","2025-08-29T01:35:23.314702Z"
"442","I-95 at Miami Gardens Drive","I-95 at Miami Gardens Drive","25.94329400","-80.18825400","I-95","Southbound","Southeast","Miami-Dade","I-95 at Miami Gardens Drive","2024-12-12T16:12:05.375227Z","application/x-mpegURL","true","2025-08-29T01:35:23.428038Z","2025-08-29T01:35:23.428038Z"
"443","I-95 at Ives Dairy Road","I-95 at Ives Dairy Road","25.96347600","-80.16497300","I-95","Northbound","Southeast","Miami-Dade","I-95 at Ives Dairy Road","2024-12-12T16:12:05.375227Z","application/x-mpegURL","true","2025-08-29T01:35:23.488383Z","2025-08-29T01:35:23.488383Z"
"444","I-95 at Northwest 119th Street","I-95 at Northwest 119th Street","25.88340600","-80.20932800","I-95","Northbound","Southeast","Miami-Dade","I-95 at Northwest 119th Street","2024-12-12T16:12:05.375227Z","application/x-mpegURL","true","2025-08-29T01:35:23.54062Z","2025-08-29T01:35:23.54062Z"
"445","I-95 at Northwest 103rd Street","I-95 at Northwest 103rd Street","25.86894400","-80.20877800","I-95","Southbound","Southeast","Miami-Dade","I-95 at Northwest 103rd Street","2024-12-12T16:12:05.375227Z","application/x-mpegURL","true","2025-08-29T01:35:23.599411Z","2025-08-29T01:35:23.599411Z"
"446","I-95 at Northwest 95th Street","I-95 at Northwest 95th Street","25.86152500","-80.20855600","I-95","Southbound","Southeast","Miami-Dade","I-95 at Northwest 95th Street","2024-12-12T16:12:05.375227Z","application/x-mpegURL","true","2025-08-29T01:35:23.65195Z","2025-08-29T01:35:23.65195Z"
"450","I-95 at Northwest 13th Street","I-95 at Northwest 13th Street","25.78645000","-80.20315600","I-95","Southbound","Southeast","Miami-Dade","I-95 at Northwest 13th Street","2024-12-12T16:12:05.375227Z","application/x-mpegURL","true","2025-08-29T01:35:23.875228Z","2025-08-29T01:35:23.875228Z"
"451","I-95 at Opa Locka Boulevard","I-95 at Opa Locka Boulevard","25.89791400","-80.21002200","I-95","Southbound","Southeast","Miami-Dade","I-95 at Opa Locka Boulevard","2024-12-12T16:12:05.375227Z","application/x-mpegURL","true","2025-08-29T01:35:23.931018Z","2025-08-29T01:35:23.931018Z"
"473","I-95 at Northwest 168th Street","I-95 at Northwest 168th Street","25.93067200","-80.20500100","I-95","Northbound","Southeast","Miami-Dade","I-95 at Northwest 168th Street","2024-12-12T16:12:05.383114Z","application/x-mpegURL","true","2025-08-29T01:35:24.111806Z","2025-08-29T01:35:24.111806Z"
"476","I-95SB Right Shoulder MM 14.17","I-95SB Right Shoulder MM 14.17","25.93940600","-80.19262400","I-95","Southbound","Southeast","Miami-Dade","I-95SB Right Shoulder MM 14.17","2024-12-12T16:12:05.398836Z","application/x-mpegURL","true","2025-08-29T01:35:24.280898Z","2025-08-29T01:35:24.280898Z"
"489","I-95 NB NW 135th St","I-95 NB NW 135th St","25.89937200","-80.20946500","I-95","Northbound","Southeast","Miami-Dade","I-95 NB NW 135th St","2024-12-12T16:12:05.398836Z","application/x-mpegURL","true","2025-08-29T01:35:24.920126Z","2025-08-29T01:35:24.920126Z"
"490","I-95 SB NW 62nd St","I-95 SB NW 62nd St","25.83204500","-80.20617700","I-95","Southbound","Southeast","Miami-Dade","I-95 SB NW 62nd St","2024-12-12T16:12:05.398836Z","application/x-mpegURL","true","2025-08-29T01:35:24.972749Z","2025-08-29T01:35:24.972749Z"
"4929","I-75 Northbound - 1315M_75_S/O_DANIELS_M131_A","1315M_75_S/O_DANIELS_M131_A","26.54640000","-81.79492900","I-75","Northbound","Southwest","Lee","1315M_75_S/O_DANIELS_M131_A","2025-04-25T14:09:07Z","application/x-mpegURL","true","2025-09-04T11:42:32.734284Z","2025-09-04T11:42:32.734293Z"
"5019","I-95 SB at MM 350.6 beyond Riverside - CCTV_30","I-95 SB at MM 350.6 beyond Riverside - CCTV_30","30.31628400","-81.67528100","I-95","Southbound","Northeast","Duval","I-95 SB at MM 350.6 beyond Riverside - CCTV_30","2025-06-20T17:54:07.864619Z","application/x-mpegURL","true","2025-08-29T01:35:18.933742Z","2025-08-29T01:35:18.933742Z"
"5021","I-95 NB Ramp V to I-10 WB - CCTV_17","I-95 NB Ramp V to I-10 WB - CCTV_17","30.32135900","-81.68384300","I-95","Northbound","Northeast","Duval","I-95 NB Ramp V to I-10 WB - CCTV_17","2025-06-20T17:54:07.864619Z","application/x-mpegURL","true","2025-08-29T01:35:19.03897Z","2025-08-29T01:35:19.03897Z"
"5046","I-95 NB North of Sunrise","I-95 NB North of Sunrise","26.13838800","-80.16905700","I-95","Northbound","Southeast","Broward","I-95 NB North of Sunrise","2025-07-09T18:44:15.479866Z","application/x-mpegURL","true","2025-08-29T01:35:14.886645Z","2025-08-29T01:35:14.886645Z"
"5225","SR-836 Eastbound - 836-12.9-EB-A (SR836-EBMAINLINE)","836-12.9-EB-A (SR836-EBMAINLINE)","25.78165200","-80.22510700","SR-836","Eastbound","Southeast","Miami-Dade","836-12.9-EB-A (SR836-EBMAINLINE)","2025-08-26T16:30:13Z","application/x-mpegURL","true","2025-09-04T11:43:22.368261Z","2025-09-04T11:43:22.368271Z"
"550","I-75 Northbound - I-75 @ NW 87TH AVE","I-75 @ NW 87TH AVE","25.89869100","-80.34075700","I-75","Northbound","Southeast","Miami-Dade","I-75 @ NW 87TH AVE","2024-12-12T16:12:05Z","application/x-mpegURL","true","2025-09-04T11:43:06.250113Z","2025-09-04T11:43:06.250132Z"
"559","SR-826 Eastbound - SR-826 at Northwest 67th  Avenue","SR-826 at Northwest 67th  Avenue","25.92452800","-80.31016600","SR-826","Eastbound","Southeast","Miami-Dade","SR-826 at Northwest 67th  Avenue","2024-12-12T16:12:05Z","application/x-mpegURL","true","2025-09-04T11:43:06.733834Z","2025-09-04T11:43:06.733847Z"
"571","SR-826 Northbound - SR-826 AT NW 154TH ST","SR-826 AT NW 154TH ST","25.91208400","-80.32467700","SR-826","Northbound","Southeast","Miami-Dade","SR-826 AT NW 154TH ST","2024-12-12T16:12:05Z","application/x-mpegURL","true","2025-09-04T11:43:07.228915Z","2025-09-04T11:43:07.229515Z"
"574","SR-826 Northbound - SR-826 @ NW 124TH ST","SR-826 @ NW 124TH ST","25.88853700","-80.32358100","SR-826","Northbound","Southeast","Miami-Dade","SR-826 @ NW 124TH ST","2024-12-12T16:12:05Z","application/x-mpegURL","true","2025-09-04T11:43:07.407406Z","2025-09-04T11:43:07.407413Z"
"577","SR-826 Northbound - SR-826 @ NW 118TH ST","SR-826 @ NW 118TH ST","25.88090900","-80.32317200","SR-826","Northbound","Southeast","Miami-Dade","SR-826 @ NW 118TH ST","2024-12-12T16:12:05Z","application/x-mpegURL","true","2025-09-04T11:43:07.672473Z","2025-09-04T11:43:07.672485Z"
"579","SR-826 Northbound - SR-826 @ NW 95TH ST","SR-826 @ NW 95TH ST","25.85876700","-80.32240000","SR-826","Northbound","Southeast","Miami-Dade","SR-826 @ NW 95TH ST","2024-12-12T16:12:05Z","application/x-mpegURL","true","2025-09-04T11:43:07.724333Z","2025-09-04T11:43:07.724341Z"
"580","SR-826 Northbound - SR-826 @ NW 84TH STREET","SR-826 @ NW 84TH STREET","25.85107900","-80.32208000","SR-826","Northbound","Southeast","Miami-Dade","SR-826 @ NW 84TH STREET","2024-12-12T16:12:05Z","application/x-mpegURL","true","2025-09-04T11:43:07.777797Z","2025-09-04T11:43:07.777841Z"
"585","SR-826 Southbound - SR-826 @ NW 67 ST","SR-826 @ NW 67 ST","25.83461400","-80.32179300","SR-826","Southbound","Southeast","Miami-Dade","SR-826 @ NW 67 ST","2024-12-12T16:12:05Z","application/x-mpegURL","true","2025-09-04T11:43:08.046961Z","2025-09-04T11:43:08.046973Z"
"586","SR-826 Northbound - SR-826 @ NW  55TH  ST","SR-826 @ NW  55TH  ST","25.82440100","-80.32109700","SR-826","Northbound","Southeast","Miami-Dade","SR-826 @ NW  55TH  ST","2024-12-12T16:12:05Z","application/x-mpegURL","true","2025-09-04T11:43:08.106071Z","2025-09-04T11:43:08.106086Z"
"588","SR-826 Southbound - SR-826 @ NW 36TH  ST","SR-826 @ NW 36TH  ST","25.80968800","-80.32164600","SR-826","Southbound","Southeast","Miami-Dade","SR-826 @ NW 36TH  ST","2024-12-12T16:12:05Z","application/x-mpegURL","true","2025-09-04T11:43:08.214526Z","2025-09-04T11:43:08.214568Z"
"590","SR-826 Northbound - SR-826 @ NW 26TH ST","SR-826 @ NW 26TH ST","25.79829700","-80.32094300","SR-826","Northbound","Southeast","Miami-Dade","SR-826 @ NW 26TH ST","2024-12-12T16:12:05Z","application/x-mpegURL","true","2025-09-04T11:43:08.331913Z","2025-09-04T11:43:08.331925Z"
"593","SR-826 Southbound - SR-826 @ SW 2ND ST","SR-826 @ SW 2ND ST","25.76773100","-80.32074700","SR-826","Southbound","Southeast","Miami-Dade","SR-826 @ SW 2ND ST","2024-12-12T16:12:05Z","application/x-mpegURL","true","2025-09-04T11:43:08.498619Z","2025-09-04T11:43:08.498626Z"
"597","I-395 Eastbound - I-395 East of Biscayne Boulevard","I-395 East of Biscayne Boulevard","25.78673300","-80.18674800","I-395","Eastbound","Southeast","Miami-Dade","I-395 East of Biscayne Boulevard","2024-12-12T16:12:05Z","application/x-mpegURL","true","2025-09-04T11:43:08.713844Z","2025-09-04T11:43:08.713857Z"
"601","I-395 Eastbound - I-395 at I-95/ SR-836","I-395 at I-95/ SR-836","25.78904500","-80.20096100","I-395","Eastbound","Southeast","Miami-Dade","I-395 at I-95/ SR-836","2024-12-12T16:12:05Z","application/x-mpegURL","true","2025-09-04T11:43:08.928417Z","2025-09-04T11:43:08.928436Z"
"613","I-95 at MM 12.65","I-95 at MM 12.65","25.92801600","-80.21141900","I-95","Northbound","Southeast","Miami-Dade","I-95 at MM 12.65","2024-12-12T16:12:05.484525Z","application/x-mpegURL","true","2025-08-29T01:35:26.283176Z","2025-08-29T01:35:26.283176Z"
"628","I-95 @ MM 197.2 SB","I-95 @ MM 197.2 SB","28.31019900","-80.76476800","I-95","Southbound","Central","Brevard","I-95 @ MM 197.2 SB","2024-12-12T16:12:05.375227Z","application/x-mpegURL","true","2025-08-29T01:35:07.892587Z","2025-08-29T01:35:07.892587Z"
"652","I-75 Northbound - I-75 @ MM 354.3 NB","I-75 @ MM 354.3 NB","29.21913300","-82.18075000","I-75","Northbound","Central","Marion","I-75 @ MM 354.3 NB","2024-12-12T16:12:05Z","application/x-mpegURL","true","2025-09-04T11:42:55.016446Z","2025-09-04T11:42:55.016461Z"
"653","I-75 Southbound - I-75 @ MM 355.1 SB","I-75 @ MM 355.1 SB","29.23041500","-82.19190000","I-75","Southbound","Central","Marion","I-75 @ MM 355.1 SB","2024-12-12T16:12:05Z","application/x-mpegURL","true","2025-09-04T11:42:55.07475Z","2025-09-04T11:42:55.074773Z"
"655","I-75 Northbound - I-75 @ MM 356.7 NB","I-75 @ MM 356.7 NB","29.25200200","-82.18600000","I-75","Northbound","Central","Marion","I-75 @ MM 356.7 NB","2024-12-12T16:12:05Z","application/x-mpegURL","true","2025-09-04T11:42:55.181682Z","2025-09-04T11:42:55.181692Z"
"658","I-75 Northbound - I-75 @ MM 359.8 NB","I-75 @ MM 359.8 NB","29.29580600","-82.19940000","I-75","Northbound","Central","Marion","I-75 @ MM 359.8 NB","2024-12-12T16:12:05Z","application/x-mpegURL","true","2025-09-04T11:42:55.34324Z","2025-09-04T11:42:55.343251Z"
"659","I-75 Northbound - I-75 @ MM 360.8 NB","I-75 @ MM 360.8 NB","29.30955100","-82.20400000","I-75","Northbound","Central","Marion","I-75 @ MM 360.8 NB","2024-12-12T16:12:05Z","application/x-mpegURL","true","2025-09-04T11:42:55.3975Z","2025-09-04T11:42:55.397518Z"
"660","I-75 Northbound - I-75 @ MM 361.7 NB","I-75 @ MM 361.7 NB","29.32288100","-82.20800000","I-75","Northbound","Central","Marion","I-75 @ MM 361.7 NB","2024-12-12T16:12:05Z","application/x-mpegURL","true","2025-09-04T11:42:55.450171Z","2025-09-04T11:42:55.450189Z"
"661","I-75 Northbound - I-75 @ MM 362.7 NB","I-75 @ MM 362.7 NB","29.33612900","-82.21200000","I-75","Northbound","Central","Marion","I-75 @ MM 362.7 NB","2024-12-12T16:12:05Z","application/x-mpegURL","true","2025-09-04T11:42:55.503365Z","2025-09-04T11:42:55.503382Z"
"663","I-75 Northbound - I-75 @ MM 363.9 NB","I-75 @ MM 363.9 NB","29.35595500","-82.21770000","I-75","Northbound","Central","Marion","I-75 @ MM 363.9 NB","2024-12-12T16:12:05Z","application/x-mpegURL","true","2025-09-04T11:42:55.607493Z","2025-09-04T11:42:55.607515Z"
"664","I-75 Southbound - I-75 @ MM 364.9 SB","I-75 @ MM 364.9 SB","29.36711900","-82.23100000","I-75","Southbound","Central","Marion","I-75 @ MM 364.9 SB","2024-12-12T16:12:05Z","application/x-mpegURL","true","2025-09-04T11:42:55.65908Z","2025-09-04T11:42:55.659098Z"
"665","I-75 Northbound - I-75 @ MM 365.9 NB","I-75 @ MM 365.9 NB","29.38257800","-82.23000000","I-75","Northbound","Central","Marion","I-75 @ MM 365.9 NB","2024-12-12T16:12:05Z","application/x-mpegURL","true","2025-09-04T11:42:55.712211Z","2025-09-04T11:42:55.712234Z"
"666","I-75 Northbound - I-75 @ MM 367 NB","I-75 @ MM 367 NB","29.39517900","-82.23640000","I-75","Northbound","Central","Marion","I-75 @ MM 367 NB","2024-12-12T16:12:05Z","application/x-mpegURL","true","2025-09-04T11:42:55.764929Z","2025-09-04T11:42:55.764947Z"
"667","I-75 Northbound - I-75 @ MM 368.8 NB","I-75 @ MM 368.8 NB","29.41761200","-82.25119000","I-75","Northbound","Central","Marion","I-75 @ MM 368.8 NB","2024-12-12T16:12:05Z","application/x-mpegURL","true","2025-09-04T11:42:55.816798Z","2025-09-04T11:42:55.81682Z"
"668","I-75 Southbound - I-75 @ MM 369.7 SB","I-75 @ MM 369.7 SB","29.42942200","-82.26693000","I-75","Southbound","Central","Marion","I-75 @ MM 369.7 SB","2024-12-12T16:12:05Z","application/x-mpegURL","true","2025-09-04T11:42:55.868576Z","2025-09-04T11:42:55.868696Z"
"670","I-75 Southbound - I-75 @ MM 370.9 SB","I-75 @ MM 370.9 SB","29.44596500","-82.27150000","I-75","Southbound","Central","Marion","I-75 @ MM 370.9 SB","2024-12-12T16:12:05Z","application/x-mpegURL","true","2025-09-04T11:42:55.975352Z","2025-09-04T11:42:55.975371Z"
"673","I-75 Northbound - I-75 @ MM 373.2 NB","I-75 @ MM 373.2 NB","29.47696400","-82.27712600","I-75","Northbound","Central","Marion","I-75 @ MM 373.2 NB","2024-12-12T16:12:05Z","application/x-mpegURL","true","2025-09-04T11:42:56.141945Z","2025-09-04T11:42:56.141965Z"
"749","I-75 Northbound - I-75 @ MM 367.9 NB","I-75 @ MM 367.9 NB","29.40659800","-82.24300000","I-75","Northbound","Central","Marion","I-75 @ MM 367.9 NB","2024-12-12T16:12:05Z","application/x-mpegURL","true","2025-09-04T11:42:56.245162Z","2025-09-04T11:42:56.24517Z"
"752","I-75 Northbound - I-75 @ MM 320.9 NB","I-75 @ MM 320.9 NB","28.75456900","-82.09711400","I-75","Northbound","Central","Sumter","I-75 @ MM 320.9 NB","2024-12-12T16:12:05Z","application/x-mpegURL","true","2025-09-04T11:48:17.9759Z","2025-09-04T11:48:17.975931Z"
"753","I-75 Northbound - I-75 @ MM 322.2 NB","I-75 @ MM 322.2 NB","28.77043100","-82.08361900","I-75","Northbound","Central","Sumter","I-75 @ MM 322.2 NB","2024-12-12T16:12:05Z","application/x-mpegURL","true","2025-09-04T11:48:18.031871Z","2025-09-04T11:48:18.031885Z"
"754","I-75 Northbound - I-75 @ MM 323.2 NB","I-75 @ MM 323.2 NB","28.78488500","-82.08284500","I-75","Northbound","Central","Sumter","I-75 @ MM 323.2 NB","2024-12-12T16:12:05Z","application/x-mpegURL","true","2025-09-04T11:48:18.087846Z","2025-09-04T11:48:18.087863Z"
"783","I-75 Southbound - I-75 @ MM 308.5 SB","I-75 @ MM 308.5 SB","28.60040400","-82.20704500","I-75","Southbound","Central","Sumter","I-75 @ MM 308.5 SB","2024-12-12T16:12:05Z","application/x-mpegURL","true","2025-09-04T11:48:18.509181Z","2025-09-04T11:48:18.509192Z"
"784","I-75 Southbound - I-75 @ MM 309.5 SB","I-75 @ MM 309.5 SB","28.61523900","-82.19652800","I-75","Southbound","Central","Sumter","I-75 @ MM 309.5 SB","2024-12-12T16:12:05Z","application/x-mpegURL","true","2025-09-04T11:48:18.562809Z","2025-09-04T11:48:18.562827Z"
"787","I-75 Northbound - I-75 @ MM 313.5 NB","I-75 @ MM 313.5 NB","28.65750300","-82.14634200","I-75","Northbound","Central","Sumter","I-75 @ MM 313.5 NB","2024-12-12T16:12:05Z","application/x-mpegURL","true","2025-09-04T11:48:18.734197Z","2025-09-04T11:48:18.734211Z"
"792","I-75 Northbound - I-75 @ MM 318.7 NB","I-75 @ MM 318.7 NB","28.72492500","-82.11116400","I-75","Northbound","Central","Sumter","I-75 @ MM 318.7 NB","2024-12-12T16:12:05Z","application/x-mpegURL","true","2025-09-04T11:48:19.020424Z","2025-09-04T11:48:19.020439Z"
"793","I-75 Southbound - I-75 @ MM 319.8 SB","I-75 @ MM 319.8 SB","28.74010000","-82.11417200","I-75","Southbound","Central","Sumter","I-75 @ MM 319.8 SB","2024-12-12T16:12:05Z","application/x-mpegURL","true","2025-09-04T11:48:19.080228Z","2025-09-04T11:48:19.080242Z"
"795","I-75 Southbound - I-75 @ MM 338.2-TPAS SB","I-75 @ MM 338.2-TPAS SB","28.99416400","-82.14965500","I-75","Southbound","Central","Marion","I-75 @ MM 338.2-TPAS SB","2024-12-12T16:12:05Z","application/x-mpegURL","true","2025-09-04T11:42:56.351678Z","2025-09-04T11:42:56.351689Z"
"797","I-75 Southbound - I-75 @ MM 346.0-TPAS SB","I-75 @ MM 346.0-TPAS SB","29.09595000","-82.18872000","I-75","Southbound","Central","Marion","I-75 @ MM 346.0-TPAS SB","2024-12-12T16:12:05Z","application/x-mpegURL","true","2025-09-04T11:42:56.461951Z","2025-09-04T11:42:56.461964Z"
"848","I-4 @ MM 84.3-SECURITY WB","I-4 @ MM 84.3-SECURITY WB","28.56047600","-81.38199800","I-4","Westbound","Central","Orange","I-4 @ MM 84.3-SECURITY WB","2024-12-12T16:12:05.42659Z","application/x-mpegURL","true","2025-08-29T01:34:57.463645Z","2025-08-29T01:34:57.463645Z"
"85","I-75 Northbound - 2105N_75_N/O_SR_780_M210","2105N_75_N/O_SR_780_M210","27.33868000","-82.44635000","I-75","Northbound","Southwest","Sarasota","2105N_75_N/O_SR_780_M210","2024-12-12T16:12:05Z","application/x-mpegURL","true","2025-09-04T11:47:51.595943Z","2025-09-04T11:47:51.595953Z"
"854","I-4 @ MM 86.7-SECURITY WB","I-4 @ MM 86.7-SECURITY WB","28.59164300","-81.38403600","I-4","Westbound","Central","Orange","I-4 @ MM 86.7-SECURITY WB","2024-12-12T16:12:05.42659Z","application/x-mpegURL","true","2025-08-29T01:34:57.62725Z","2025-08-29T01:34:57.62725Z"
"865","I-4 @ MM 90.6-SECURITY M","I-4 @ MM 90.6-SECURITY M","28.64703700","-81.38867300","I-4","Eastbound","Central","Seminole","I-4 @ MM 90.6-SECURITY M","2024-12-12T16:12:05.42659Z","application/x-mpegURL","true","2025-08-29T01:35:03.319303Z","2025-08-29T01:35:03.319303Z"
"875","I-4 @ MM 93.4-SECURITY EB","I-4 @ MM 93.4-SECURITY EB","28.68744400","-81.38592400","I-4","Eastbound","Central","Seminole","I-4 @ MM 93.4-SECURITY EB","2024-12-12T16:12:05.42659Z","application/x-mpegURL","true","2025-08-29T01:35:03.53892Z","2025-08-29T01:35:03.53892Z"
"97","I-75 Northbound - 2176N_75_NO_SR_70_M218","2176N_75_NO_SR_70_M218","27.44144900","-82.45900100","I-75","Northbound","Tampa Bay","Manatee","2176N_75_NO_SR_70_M218","2024-12-12T16:12:05Z","application/x-mpegURL","true","2025-09-04T11:42:52.338541Z","2025-09-04T11:42:52.33857Z"
"974","I-4_EB_MM_84.3-SECURITY","I-4_EB_MM_84.3-SECURITY","28.55974100","-81.37798500","I-4","Eastbound","Central","Orange","I-4_EB_MM_84.3-SECURITY","2024-12-12T16:12:05.468882Z","application/x-mpegURL","true","2025-08-29T01:34:59.48748Z","2025-08-29T01:34:59.48748Z"
